#{"t_start": 1659902143.7904637, "env_id": null}
r,l,t
2.802023,400,61.238917
2.93471,400,134.968877
0.040116,68,146.545692
0.473575,330,206.094437
2.026485,400,303.605227
6.964095,400,382.02113
3.560572,323,593.53978
0.235136,318,643.912942
0.052638,288,688.819304
1.570899,400,760.544547
0.911361,400,833.984987
0.199544,673,1034.301465
7.544272,400,1103.558281
0.873302,400,1160.661731
0.269099,357,1216.621992
0.031089,89,1229.364834
1.575777,320,1286.612522
0.222432,402,1555.26917
2.449876,400,1636.903834
3.45492,163,1666.202152
3.087413,348,1724.548999
0.314856,241,1760.649969
0.036298,254,1804.312877
1.274328,485,1966.663666
1.055814,226,2003.480222
1.122244,288,2050.709611
0.931498,400,2117.771991
3.661832,288,2166.228852
1.745864,400,2232.159779
0.053893,77,2243.032926
0.085459,261,2364.728032
0.820864,359,2418.697509
0.662963,357,2474.319633
5.142665,279,2516.156544
1.941705,249,2554.517128
0.040061,81,2566.88011
0.031429,156,2590.124558
0.033834,108,2605.158966
1.558966,171,2627.583929
0.088258,140,2676.114728
0.038448,46,2681.453789
0.042142,45,2686.875447
0.076048,34,2691.285691
0.098035,29,2694.846571
0.036835,28,2698.523297
0.040416,28,2702.112769
0.014375,26,2708.413817
0.074778,26,2713.81916
0.071155,26,2717.892325
0.076519,29,2722.432454
0.074868,30,2726.518636
0.073179,39,2731.149162
0.078042,68,2738.799909
0.076367,74,2746.579747
0.081952,74,2754.373555
0.082624,168,2771.943683
0.06975,16,2773.855763
0.073831,16,2775.665216
0.071458,15,2777.38969
0.071535,17,2779.310488
0.068871,19,2781.765483
0.068662,14,2783.366412
0.071905,20,2785.544035
0.071684,19,2787.738418
0.073238,27,2790.734985
0.080671,42,2795.21722
0.071031,48,2800.273526
0.077387,61,2806.935182
0.072367,82,2818.58129
0.126226,26,2822.522959
0.536055,179,2853.042342
0.084873,115,2865.425176
0.078493,187,2885.453505
0.083246,158,2902.7625
0.075281,44,2907.850637
0.180886,60,2923.546537
0.08007,25,2926.950843
0.077998,23,2929.990651
0.077893,17,2932.321211
0.089023,23,2935.75181
0.081026,22,2938.290319
0.084042,19,2940.399503
0.081115,20,2942.630322
0.068659,19,2944.762442
0.083169,19,2947.027144
0.088429,21,2949.478628
0.089264,26,2952.355085
0.077328,34,2956.052047
0.096811,40,2960.681766
0.095966,51,2966.359306
0.087097,47,2971.30706
0.077024,44,2976.056239
0.073891,49,2981.392993
0.080079,47,2986.766622
0.084206,48,2992.060067
0.085629,54,2998.144524
0.778143,68,3005.902217
16.153767,76,3015.640801
32.709534,109,3029.674691
7.129857,98,3041.997328
5.486741,64,3054.138138
0.043031,37,3059.346445
0.067123,18,3061.717413
0.068211,18,3063.968577
0.066195,17,3066.177828
0.066684,19,3068.449545
0.069204,18,3070.794563
0.067299,16,3072.852536
0.070658,18,3075.156338
0.06851,19,3077.485459
0.069583,16,3079.552253
0.074273,39,3084.986912
0.070861,20,3087.527449
0.06829,16,3089.606832
0.069758,16,3091.731875
0.073531,17,3093.981545
0.067954,15,3096.065205
0.070507,16,3098.199792
0.059771,14,3100.153252
0.071512,16,3102.403667
0.073744,17,3104.749695
0.076155,16,3106.856481
0.071985,13,3108.524446
0.071222,17,3110.844355
0.073786,16,3112.956505
0.072827,16,3115.169544
0.072201,14,3116.964802
0.069184,16,3118.95456
0.072567,15,3120.901786
0.072025,15,3122.875152
0.070636,17,3125.124151
0.075766,19,3127.659631
0.064947,15,3129.722128
0.072717,15,3131.69289
0.074124,17,3133.941552
0.069887,16,3135.887891
0.076877,16,3138.061743
0.070727,14,3139.806318
0.070838,15,3141.75173
0.068459,15,3143.74233
0.082697,22,3146.604377
0.071788,16,3148.621751
0.075819,29,3152.34591
0.045717,19,3154.854981
0.075739,18,3157.346368
0.072049,16,3159.47226
0.07176,15,3161.385874
0.071688,15,3163.408319
0.0706,14,3165.423575
0.073025,15,3167.427788
0.078988,19,3169.911113
0.073916,15,3171.802732
0.13475,28,3179.640588
0.076269,18,3181.931122
0.073461,15,3183.943806
0.075502,17,3186.160633
0.073862,14,3188.040415
0.076491,16,3190.109441
0.071644,14,3192.003281
0.059087,14,3193.660564
0.071516,16,3195.803983
0.06781,15,3197.734282
0.057573,14,3199.459834
0.067691,15,3201.32793
0.071057,13,3203.082248
0.073157,13,3204.756716
0.071305,15,3206.63493
0.066469,14,3208.50674
0.07178,14,3210.381768
0.070961,14,3212.1773
0.071582,15,3214.128126
0.06901,15,3216.467868
0.083921,32,3221.267826
0.07124,30,3225.315192
0.076395,46,3231.365098
0.074963,40,3236.802466
0.069304,29,3240.897627
0.069437,21,3243.541417
0.072848,17,3245.796638
0.079229,25,3249.406207
0.070792,15,3251.391845
0.070151,15,3253.343178
0.07376,12,3254.952815
0.072494,13,3256.773608
0.073194,14,3258.598954
0.066091,16,3260.701171
0.073987,13,3262.453405
0.062764,13,3264.146643
0.076161,13,3265.965507
0.07164,12,3267.536874
0.065263,11,3269.011628
0.031655,11,3270.480065
0.065777,12,3272.148796
0.057753,11,3273.544503
0.062771,11,3274.95557
0.061062,11,3276.444465
0.064114,11,3277.934987
0.066703,13,3279.649717
0.05737,10,3280.965001
0.061577,11,3282.438345
0.060288,11,3283.958666
0.065072,11,3285.477921
0.061318,11,3287.013063
0.035685,11,3288.478692
0.068824,11,3289.951386
0.063741,11,3291.494529
0.063507,12,3293.089125
0.063661,12,3294.692402
0.064592,14,3296.588439
0.066722,15,3298.59218
0.070854,20,3301.189404
0.07271,13,3302.937681
0.068977,14,3304.764391
0.070296,13,3306.499475
0.076669,13,3308.203676
0.061395,12,3309.803473
0.068074,13,3311.517571
0.070237,14,3313.330361
0.074255,13,3315.064316
0.072762,13,3316.699625
0.07267,13,3318.469356
0.064268,12,3320.144587
0.059392,12,3321.72437
0.065122,13,3323.39557
0.068375,14,3325.259624
0.066993,13,3326.902806
0.065522,13,3328.654486
0.066692,13,3330.340685
0.069218,14,3332.198247
0.068958,15,3334.168142
0.065168,14,3335.877922
0.068642,16,3337.940562
0.073488,16,3340.041879
0.069062,14,3341.891487
0.068657,16,3343.932425
0.065804,17,3346.118342
0.069837,16,3348.230436
0.069376,15,3350.219623
0.074206,15,3352.159795
0.069252,15,3354.285955
0.066437,16,3356.345434
0.067442,14,3358.14395
0.067211,16,3360.23659
0.070448,16,3362.287962
0.071992,14,3364.184345
0.066942,15,3366.157894
0.068689,15,3368.04863
0.067882,14,3369.847032
0.066752,16,3371.854735
0.070204,15,3373.749437
0.068128,16,3375.891088
0.070919,16,3378.032914
0.064943,15,3379.954838
0.070454,14,3381.77808
0.070046,15,3383.604458
0.062637,13,3385.305925
0.072451,15,3387.27776
0.068405,14,3389.085986
0.069744,15,3390.980731
0.061869,13,3392.623457
0.066063,14,3394.601781
0.065892,15,3396.514043
0.070092,15,3398.345976
0.066308,15,3400.4102
0.065736,14,3402.118787
0.069925,12,3403.677466
0.05836,12,3405.243251
0.068027,14,3407.056176
0.066891,12,3408.701188
0.069613,14,3410.473328
0.072729,13,3412.216504
0.064967,13,3413.913299
0.058873,12,3415.89542
0.070116,14,3418.071901
0.067508,14,3419.852805
0.068114,14,3421.663222
0.071288,13,3423.377717
0.061648,12,3424.942308
0.069153,14,3426.758615
0.059816,12,3428.262665
0.060415,12,3429.968588
0.060675,12,3431.515235
0.063364,12,3433.047297
0.064068,12,3434.665027
0.066852,14,3436.525311
0.03896,12,3438.290871
0.060508,12,3439.777804
0.015843,12,3441.449609
0.123738,19,3447.126
0.033251,10,3448.535608
0.063526,12,3450.146754
0.040544,11,3451.67634
0.033361,11,3453.324465
0.05115,11,3454.897228
0.015764,11,3456.59217
0.041468,13,3458.290378
0.044157,12,3460.065952
0.027376,10,3461.637998
0.035253,10,3462.972542
0.029674,12,3464.896305
0.036543,11,3466.464509
0.050687,10,3467.920788
0.036489,10,3469.341224
0.037653,11,3470.873547
0.037711,10,3472.517025
0.040591,11,3474.216529
0.029358,11,3475.807994
0.039291,12,3477.796945
0.035236,10,3479.452188
0.071452,10,3480.7531
0.075344,11,3482.285304
0.068607,11,3483.681496
0.070862,10,3485.164311
0.063728,11,3486.582415
0.076517,11,3487.990642
0.075375,12,3489.564379
0.068356,11,3491.0926
0.077306,14,3492.89701
0.072543,13,3494.521198
0.079309,13,3496.255895
0.068179,13,3498.025342
0.072252,13,3499.729578
0.077935,13,3501.364469
0.074487,12,3503.006422
0.076393,13,3504.746822
0.076695,16,3506.955273
0.071261,15,3508.883476
0.068615,19,3511.352157
0.070197,15,3513.258179
0.075777,14,3515.072066
0.077343,16,3517.143978
0.068308,12,3518.81195
0.063304,11,3520.149893
0.064417,11,3521.564235
0.068966,10,3522.848137
0.063403,11,3524.291122
0.069218,11,3525.763905
0.078369,12,3527.4163
0.072047,11,3528.84268
0.077668,11,3530.460427
0.020324,12,3532.214804
0.037903,12,3533.766235
0.076117,11,3535.434983
0.037184,12,3537.315081
0.064928,11,3538.883555
0.074782,15,3540.803429
0.031904,12,3542.531448
0.027423,11,3544.026566
0.061223,12,3545.673591
0.073548,13,3547.345292
0.055505,14,3549.324895
0.042245,11,3550.911371
0.033318,11,3552.441185
0.044293,11,3554.139386
0.034443,11,3556.00883
0.0338,12,3557.654565
0.075068,11,3559.130675
0.062782,11,3560.498099
0.036333,11,3562.062589
0.036582,12,3563.74865
0.088682,11,3565.266657
0.067979,11,3566.831596
0.035044,12,3568.483951
0.06808,10,3569.738926
0.071046,12,3571.360255
0.018885,10,3572.721216
0.067811,10,3573.942923
0.067004,11,3575.356738
0.088,12,3576.998632
0.038162,14,3579.052223
0.086499,13,3580.883759
0.023986,11,3582.397638
0.071849,11,3583.925676
0.074818,12,3585.509582
0.071858,10,3586.748689
0.070322,12,3588.206042
0.07375,10,3589.569256
0.066037,11,3590.977467
0.083039,10,3592.246806
0.03076,10,3593.668395
0.067912,11,3595.131582
0.071274,11,3596.62031
0.078474,10,3597.990048
0.069702,10,3599.313273
0.08185,12,3601.029921
0.069931,11,3602.563362
0.071738,11,3604.044573
0.080317,12,3605.658293
0.082915,13,3607.363436
0.085106,14,3609.190942
0.087595,15,3611.23302
0.080612,13,3612.933969
0.079906,12,3614.59248
0.016369,10,3616.046986
0.053986,11,3617.684907
0.04451,11,3619.351288
0.026751,12,3621.170311
0.029806,12,3623.050727
0.046754,11,3624.687078
0.022206,12,3626.473814
0.034143,11,3628.15526
0.044454,12,3630.23755
0.041423,14,3632.36412
0.035181,13,3634.206342
0.01382,28,3638.516221
0.289048,86,3649.443923
0.069158,13,3651.161255
0.070528,19,3653.54112
0.066911,15,3655.575357
0.070672,17,3657.704224
0.070428,17,3659.800609
0.069783,22,3662.59818
0.077473,31,3666.300259
0.078672,68,3674.71572
1.246489,323,3744.123805
0.08708,18,3749.819288
0.075329,16,3751.942151
0.075819,16,3754.037739
0.043809,22,3757.391682
0.079392,16,3759.903383
0.076465,20,3763.045439
0.081471,23,3766.55487
0.074728,18,3769.507555
0.074149,18,3771.98051
0.081206,21,3774.576659
0.087772,18,3776.795747
0.077697,17,3778.893515
0.074815,19,3781.238874
0.080862,19,3783.648332
0.076494,18,3785.957959
0.075539,18,3788.137162
0.083653,19,3790.532856
0.075349,17,3792.713214
0.081612,17,3794.860925
0.073489,20,3797.360839
0.084189,21,3799.979397
0.076751,18,3802.278328
0.083356,355,3870.257401
3.955158,399,3947.957361
0.106234,158,3975.269126
2.817639,119,3989.892119
0.052055,104,4005.394477
3.009005,115,4023.267583
0.844786,116,4044.756949
0.698106,100,4058.306334
5.245786,93,4070.757361
4.254831,32,4075.467111
14.562756,132,4152.19291
0.074632,16,4154.11501
0.06812,14,4156.133046
0.077197,16,4159.243139
0.06967,14,4161.447623
0.075309,17,4163.993258
0.079448,21,4167.407138
0.301463,44,4172.820832
3.058793,47,4178.102281
3.798365,42,4183.244576
3.968306,17,4185.704139
10.707966,75,4195.121104
0.098231,28,4198.689411
0.040198,24,4201.928243
0.046368,24,4205.220698
2.292431,65,4213.791028
3.520956,69,4222.256117
5.05574,68,4230.580066
7.907766,80,4242.461929
8.791789,74,4253.72985
11.49927,70,4266.77773
7.41977,66,4274.97735
14.397408,33,4279.174459
12.546141,78,4293.635904
15.797037,72,4307.15956
15.217721,80,4320.269006
11.974392,87,4338.521832
4.561712,58,4345.206985
18.368113,34,4349.658602
22.327668,87,4361.066014
11.153679,28,4364.675787
13.871419,40,4369.575888
17.249323,78,4381.693877
22.642456,102,4394.895967
54.940921,268,4470.891215
19.301377,75,4480.347465
18.086694,38,4485.22478
7.204062,67,4492.637027
27.015408,57,4499.442926
15.140784,94,4514.776029
10.727885,39,4519.673018
16.753122,47,4525.842757
19.903708,68,4537.461153
13.469995,45,4544.348153
16.205153,78,4555.487353
46.441093,149,4583.934367
25.351792,84,4595.371742
14.033802,72,4608.833214
15.692722,66,4620.259285
13.586729,66,4631.695354
10.61723,64,4639.87596
10.246509,58,4647.066286
8.200724,71,4656.051162
7.595348,65,4663.859204
10.233808,71,4672.758851
17.218777,81,4683.262244
10.844655,67,4693.648776
9.490932,61,4700.585498
19.121359,79,4710.374149
22.580496,84,4720.955937
24.67632,83,4733.218399
58.021337,409,4837.399299
3.90092,107,4857.651499
4.625039,123,4879.759873
13.801355,80,4888.893258
12.699536,33,4893.314696
8.221962,56,4899.688859
27.332847,76,4912.381337
18.518937,69,4924.138904
13.61976,62,4931.686805
60.350914,247,4982.24272
14.69464,66,4990.034528
17.188284,91,5003.511118
34.1428,147,5030.669976
56.511084,285,5088.489477
11.359978,70,5101.062191
7.376849,115,5114.44361
17.765065,205,5184.633546
7.293267,75,5193.66572
7.232451,55,5200.533294
10.567189,92,5213.134088
11.0484,114,5227.259166
12.946516,108,5243.683281
13.386754,108,5264.126287
11.501114,111,5277.384497
23.91235,83,5291.61139
25.19701,51,5297.859339
23.081072,79,5310.61377
27.551331,136,5330.616676
25.330298,41,5335.779613
23.372539,43,5340.960789
18.906494,36,5345.409531
19.645037,78,5354.774382
21.235568,81,5366.231075
22.223798,39,5371.16262
21.394997,79,5380.685002
21.111466,90,5391.826172
21.152865,72,5400.447588
12.900531,67,5408.576845
14.173558,72,5418.053284
19.95671,41,5423.153025
26.281986,87,5433.658282
23.668134,93,5463.112085
4.163824,52,5469.059579
10.856066,60,5475.966508
13.4051,66,5483.832378
22.22607,78,5496.118758
12.050603,64,5503.789184
16.038164,68,5512.041133
21.254715,70,5520.115346
17.787303,74,5529.028529
13.237059,70,5541.655658
9.821208,57,5547.997935
18.830412,35,5552.205146
21.679392,82,5565.887089
8.864664,56,5572.44832
8.971545,63,5584.012193
36.85235,124,5605.380136
34.276044,195,5646.938718
20.324153,42,5652.067102
20.978267,79,5661.197292
25.63663,88,5675.392881
15.862753,92,5686.384676
22.497598,51,5692.424921
19.331839,83,5706.37119
26.453617,65,5715.474958
8.278909,58,5721.998223
24.609266,97,5734.973926
36.766677,153,5783.464833
17.451067,34,5787.86028
11.603214,106,5802.4214
22.775789,46,5808.244426
20.504851,78,5820.638829
7.941869,57,5828.721854
7.938825,61,5835.863183
18.634928,105,5847.918888
12.987317,52,5854.59831
8.557162,98,5871.731256
6.043346,124,5886.383087
6.094825,162,5904.402346
6.19227,112,5925.648081
19.808693,88,5936.39711
24.137534,93,5948.417953
10.140126,58,5957.459211
27.910941,72,5968.793938
25.84611,69,5980.97784
13.245177,104,5997.007727
68.893825,167,6030.043924
21.256138,64,6037.734479
14.265697,58,6045.097283
17.528498,88,6059.940247
15.30284,88,6092.11204
17.940034,66,6099.907305
11.778518,116,6113.399552
10.977497,108,6127.324518
15.93991,72,6135.985055
15.724627,90,6149.370394
17.105795,59,6158.452341
20.108623,65,6168.504613
25.209115,36,6174.218043
22.103658,89,6188.045341
2.444021,32,6193.341959
2.230565,26,6197.838492
0.473381,31,6202.428129
2.851348,29,6208.362959
7.313804,39,6216.693602
46.33212,140,6245.591288
5.917894,125,6259.950807
7.238999,160,6279.306254
4.256233,121,6301.555389
7.046846,222,6346.136381
5.72511,157,6378.93612
5.521942,107,6396.295488
34.149708,102,6428.932119
20.349761,76,6438.308093
15.331861,74,6447.045112
16.217632,68,6456.914424
19.239919,65,6466.444203
25.49986,45,6472.008406
24.070347,40,6476.944839
18.503338,31,6480.702823
11.41681,96,6492.325849
21.827712,104,6509.212539
6.764156,130,6531.813596
24.259848,52,6538.112828
22.343849,66,6545.890888
14.275322,68,6553.861923
23.751994,77,6563.185003
19.311565,63,6571.173826
15.842083,82,6580.53104
8.926852,78,6589.553646
21.357933,63,6597.182325
23.925731,72,6606.10945
16.145022,50,6612.071346
21.577174,78,6623.888001
11.445224,61,6632.392466
15.542338,89,6645.326012
10.709991,120,6659.219771
7.937773,111,6672.209267
19.561296,188,6728.492039
7.129044,156,6746.765951
9.437974,132,6762.072823
9.061805,112,6777.967571
9.668838,70,6786.23372
13.468326,87,6796.61104
8.502366,100,6812.476615
23.38799,68,6821.317041
25.883494,103,6833.918313
16.926677,30,6837.659185
22.334031,86,6848.735933
25.137519,86,6859.241618
4.539464,21,6862.097513
15.286617,29,6865.971305
15.704599,69,6877.907483
18.417179,72,6889.236835
13.989946,64,6899.657049
17.962078,68,6910.192688
11.145969,52,6918.223619
19.066215,72,6929.818508
18.215045,82,6941.606933
12.414101,61,6950.455236
11.009946,66,6961.030202
14.916955,27,6964.772425
47.397616,150,6996.132836
19.088947,117,7035.678907
24.648654,83,7045.521667
12.454974,109,7068.810984
6.879585,68,7076.969019
8.201804,58,7083.936502
8.278664,99,7095.32811
7.271711,107,7107.759854
7.291255,244,7155.737483
23.813655,76,7165.532547
19.964212,63,7172.982456
0.067153,43,7178.279702
0.073012,53,7184.626905
0.038788,40,7190.272953
23.331784,42,7195.748036
23.068188,64,7203.308194
23.032124,101,7216.181353
27.161781,102,7243.956633
0.072581,28,7249.035203
1.080644,46,7259.57628
5.279919,107,7326.125189
0.044189,28,7339.885916
0.078433,28,7350.813165
0.076292,29,7362.003286
0.081961,34,7370.993965
0.078543,35,7376.649506
0.073125,29,7383.64764
0.072045,28,7390.634911
0.078999,27,7395.759992
0.072506,28,7399.961419
1.166698,32,7406.287183
3.363974,40,7420.054587
22.291417,65,7475.09687
13.142279,54,7485.585815
9.258495,55,7494.538556
23.692408,91,7515.761736
52.418922,156,7564.550578
29.479171,159,7604.507875
14.508996,65,7618.751741
20.470372,33,7624.391264
11.750787,21,7627.800637
28.176065,47,7634.748028
18.946454,102,7655.685231
20.827071,52,7665.419539
22.891392,93,7687.232684
13.27733,93,7707.660498
17.196802,91,7731.929296
24.740051,39,7737.649388
11.32225,84,7758.801835
21.037032,94,7788.219309
22.727771,39,7799.456365
13.427557,48,7812.05031
15.147942,71,7828.912294
25.346715,84,7849.16382
36.156285,162,7885.051898
29.768355,84,7901.105613
16.203573,64,7916.260328
32.270321,71,7957.088565
22.028542,101,8023.67394
22.223777,80,8042.73083
3.593068,39,8050.924773
1.207461,30,8057.569947
1.380071,31,8063.837569
2.733827,41,8073.452811
2.295522,37,8081.422689
0.098923,30,8093.582814
0.089185,27,8099.683122
0.083533,25,8105.547574
0.074701,25,8110.670861
0.079385,26,8118.21387
0.08546,26,8123.794473
0.08414,26,8129.738731
2.903118,40,8138.178075
1.838163,36,8144.531785
5.503109,43,8151.051107
5.964463,123,8172.727912
14.781953,40,8188.37288
16.972677,81,8206.159901
13.786519,71,8235.478888
17.609871,67,8260.521005
14.599216,101,8289.831337
18.584359,42,8298.575762
5.421729,51,8309.233197
21.613012,97,8330.480897
12.987111,105,8359.47197
17.048677,84,8384.958507
21.952687,72,8399.068257
7.29619,51,8412.049652
3.019668,86,8431.638894
0.09705,32,8438.070362
6.403256,21,8443.200968
6.345451,63,8460.518393
0.150833,37,8470.675412
0.668816,13,8474.716031
0.456705,12,8477.784057
5.165166,126,8551.125371
1.069119,16,8555.335077
7.069449,400,8696.093526
0.077105,29,8700.179142
0.076531,29,8704.281448
0.08192,29,8708.492118
0.040793,35,8714.505602
1.379359,29,8721.310946
3.097337,57,8730.550945
0.579948,48,8737.657496
4.270361,46,8750.559366
25.417826,56,8759.259003
30.950065,94,8773.732641
20.337122,66,8784.003379
22.498077,117,8801.703687
16.725842,115,8829.886849
31.35743,72,8840.749729
21.266868,202,8872.524971
31.108763,87,8897.294483
11.491748,191,8944.975056
9.401833,137,8981.247105
10.01118,49,8998.484798
14.53433,139,9276.108982
3.188796,18,9279.326013
9.399912,89,9292.457705
7.363668,313,9372.862055
8.241253,99,9392.282743
16.270184,146,9432.221985
23.035972,62,9447.554254
15.459617,78,9473.57536
0.076007,28,9482.159245
0.07877,33,9492.223459
13.695845,76,9510.478916
6.156199,62,9524.107274
16.177858,69,9533.936284
13.899516,100,9551.977887
9.598941,123,9572.248226
4.353095,112,9589.741099
20.519095,117,9609.581457
15.229037,109,9627.4763
13.820989,103,9643.252361
0.246006,49,9653.881977
0.07938,71,9665.291019
19.882494,63,9675.453961
1.191934,145,9725.527352
3.435485,47,9733.153431
1.675115,206,9789.709363
26.567759,58,9798.853053
12.746587,131,9819.606147
22.290231,139,9840.412981
26.218883,65,9850.861283
17.393543,102,9867.636831
20.569081,115,9889.292884
14.800254,154,9917.949008
14.201942,103,9938.475327
0.041174,12,9940.441805
0.45322,95,9958.996572
1.396806,162,9998.94768
22.90944,71,10012.614012
0.224848,21,10017.296928
0.73329,43,10027.063925
3.728101,32,10033.417283
4.161576,70,10050.053597
7.30831,59,10060.549618
11.142042,118,10082.606644
0.07335,19,10085.507885
11.907698,182,10115.434603
0.079684,40,10120.990393
22.611359,83,10133.886551
4.694652,94,10148.263922
10.028575,85,10161.091112
4.780091,54,10171.709543
0.108833,45,10178.291628
0.074392,42,10184.322582
0.07679,33,10189.299332
0.037512,35,10195.056934
0.057137,155,10223.312101
0.08322,35,10228.520035
0.08438,44,10234.621536
0.543725,235,10291.038758
2.869517,43,10299.000489
2.440857,31,10303.769097
2.988579,33,10308.785823
6.02628,38,10315.230372
4.660612,28,10321.210066
5.832763,42,10328.225157
4.54698,37,10334.323477
5.336597,44,10342.363646
5.076793,36,10348.370926
1.046098,14,10350.994472
1.421461,20,10355.148436
0.123498,34,10360.910897
0.088526,39,10366.989761
0.057479,34,10372.333031
0.082286,40,10378.596626
0.050483,25,10382.999481
0.042365,21,10386.795422
0.073175,27,10391.08096
0.039895,29,10395.750428
0.046254,100,10411.48454
0.039486,22,10415.015764
0.04222,15,10417.526261
5.140389,79,10429.494033
0.037448,13,10432.156348
5.8132,212,10488.577145
5.786325,141,10513.917923
0.067437,13,10515.889178
0.06844,14,10518.355516
0.067041,17,10521.253098
0.065741,18,10524.050655
0.069199,18,10526.644307
0.066241,19,10529.856722
12.865332,112,10550.818415
5.68358,47,10566.095023
12.484604,64,10591.374228
18.893781,95,10619.056661
14.068294,60,10634.479806
22.915197,39,10641.373995
22.715144,80,10653.721755
13.582105,42,10660.788023
19.832217,72,10671.969175
21.921378,42,10678.855175
19.533078,49,10686.544245
14.773913,119,10713.323284
20.563853,50,10721.297884
16.27589,59,10730.845904
17.805582,79,10743.164513
13.531241,108,10759.655313
14.660692,201,10805.847001
13.766742,263,10856.486616
9.914362,87,11092.713922
16.909745,400,11183.3247
22.259461,400,11283.752813
19.659352,184,11339.494265
26.290536,236,11390.264584
25.831116,59,11401.412828
10.707775,125,11434.186379
24.12519,97,11453.870521
16.633835,89,11472.666342
48.919474,673,11912.259671
0.097464,78,11929.88838
23.22786,334,12019.506616
15.724947,114,12043.008758
17.19936,269,12115.01532
17.027362,107,12133.279938
0.04729,27,12139.0272
17.434171,136,12166.472091
0.043127,20,12170.056362
0.040528,16,12172.905445
0.075121,10,12174.684413
0.043517,66,12192.151608
0.067224,13,12195.305435
0.063672,12,12198.361469
0.065483,11,12201.086204
0.077464,55,12221.851997
0.1207,16,12227.050198
0.086485,19,12232.192443
0.077449,23,12236.588424
0.082275,24,12241.022054
0.08265,24,12245.85017
3.231651,72,12272.20854
10.959824,72,12288.748488
1.980223,36,12296.414905
0.076471,26,12302.122928
0.076658,27,12309.050206
0.032509,24,12314.53663
0.037985,12,12317.522995
10.203881,55,12357.001545
13.474562,99,12375.509395
0.07372,56,12386.640358
7.123172,19,12390.876716
17.744499,400,12490.371474
18.136948,46,12497.990325
2.599022,13,12500.477873
14.674476,145,12525.009729
17.565783,400,12633.224227
15.730371,246,12702.205742
4.08737,400,12827.105432
23.405729,213,13209.845622
0.043714,236,13264.023427
0.031204,58,13275.439962
0.040797,17,13278.984578
0.035733,14,13282.199083
0.031522,104,13304.932388
3.450189,230,13372.04763
0.020567,44,13381.573454
12.975133,205,13441.990355
25.66056,400,13540.324399
15.840627,183,13577.937223
10.52622,70,13593.920517
0.076329,46,13602.5269
0.062696,64,13613.912011
0.07204,74,13626.789681
0.06115,145,13655.872209
9.699716,438,13790.362903
3.25143,115,13814.204863
18.224086,57,13823.542783
14.728796,347,13920.311722
4.851128,110,13953.907859
4.373033,192,13996.069574
33.365005,74,14010.013424
14.615958,55,14020.256874
18.226059,189,14077.925946
0.066522,11,14080.60435
0.063684,11,14083.070312
0.071095,12,14086.023062
0.067982,14,14089.237569
5.675398,85,14113.38971
3.903859,52,14127.112543
0.077632,29,14136.86268
1.53569,56,14153.304115
35.181687,374,14440.992438
15.916848,95,14458.226816
9.853742,400,14575.225218
15.689798,267,14643.200781
16.612987,282,14710.893153
23.786737,180,14751.518079
26.421786,88,14766.825521
20.372139,217,14809.271566
2.033937,92,14830.015653
7.53139,172,14873.050925
0.117541,36,14887.873368
12.62836,152,14915.706599
15.033294,138,14944.968344
16.451884,400,15049.615857
9.310126,77,15063.78084
22.837443,400,15164.669967
23.910725,167,15205.741416
7.222633,241,15262.448583
27.102218,400,15362.482478
25.237418,369,15899.050441
40.95229,207,15958.648237
7.175195,251,16040.196651
7.72428,400,16153.186327
12.47797,86,16168.684741
22.575154,169,16204.570899
5.492448,17,16208.422316
8.142089,400,16314.330439
28.993085,175,16513.685251
16.310191,148,16543.414013
2.210981,30,16549.48901
0.075539,22,16553.436443
0.065243,12,16556.197469
0.072864,18,16559.445792
0.070124,17,16562.439038
0.072399,59,16572.508356
14.631956,97,16592.899353
24.978982,34,16599.60242
15.521361,80,16615.371578
0.03868,47,16623.539957
10.418328,46,16633.834729
4.463243,79,16655.292395
15.656622,400,16783.645646
4.906216,400,16894.964309
21.945709,276,16973.519566
3.004798,55,16983.961555
8.137361,220,17188.878335
6.01141,400,17341.224274
3.615554,400,17473.215367
12.044476,163,17528.026976
16.756408,400,17650.490311
9.218049,56,17662.680319
20.509313,33,17669.213895
24.891341,54,17680.0847
11.04891,100,17707.924021
19.734736,73,17726.670462
24.408854,111,17750.697119
34.920852,375,18026.740536
10.803588,230,18085.481808
16.457722,363,18204.481477
21.635271,259,18254.348306
20.219832,29,18260.764745
19.016898,90,18280.739936
36.290305,119,18305.665346
21.916975,381,18415.557898
39.784393,542,18743.263806
26.409132,53,18753.532395
15.316676,120,18783.379947
22.599787,42,18791.880882
0.486042,155,18834.486543
19.861136,171,18874.734641
20.719128,400,18992.120285
14.331795,400,19102.11398
37.415011,766,19508.430429
6.328434,154,19552.296691
9.017626,198,19601.272583
5.78073,240,19660.017044
11.99987,281,19742.335151
16.920624,237,19803.418539
8.525942,75,19820.529818
13.281493,53,19830.273786
22.373974,652,20353.205599
6.133429,128,20384.613505
15.13071,75,20402.852937
9.384192,64,20415.861866
14.593923,71,20430.184179
19.452102,145,20461.491582
13.834673,261,20525.710341
4.341974,21,20530.330241
0.074743,36,20537.460145
0.069189,17,20540.467987
0.068494,18,20543.872687
0.069362,16,20546.766555
0.061486,14,20549.433205
0.017699,17,20553.083195
16.744877,98,20578.397316
30.712424,55,20589.723808
12.234127,24,20594.602986
24.309195,84,20618.010665
29.130763,94,20644.534426
0.076948,29,20650.014155
1.256074,34,20659.848318
2.170115,61,20674.050165
5.717134,63,20687.460083
4.498104,72,20701.690742
0.069214,26,20706.845461
0.084803,35,20713.458632
21.836519,87,20738.353923
8.579792,69,20753.172734
0.107458,97,20785.2033
0.068813,24,20789.513497
45.302523,159,20830.13862
0.053092,16,20833.276493
0.043455,11,20835.464068
0.039116,52,20846.385781
2.800816,31,20852.865791
6.205396,63,20867.096689
0.653409,13,20870.211469
1.348165,46,20881.234506
26.591195,76,20896.167678
27.281227,84,20914.726936
34.414718,101,20935.208922
8.842612,75,20952.524197
1.781493,73,20969.114607
6.37728,52,20979.290601
3.43939,93,21002.1959
0.046123,46,21011.396301
3.016713,59,21023.988994
0.04231,66,21036.907644
0.730474,95,21056.647386
0.022395,49,21067.721493
0.035706,48,21077.413377
6.653895,33,21086.324293
7.960161,142,21123.159577
6.340061,59,21136.049246
8.337518,213,21207.210962
2.478962,15,21210.931983
7.95205,519,21844.944644
3.142952,165,21886.723899
17.714132,99,21909.057767
12.787328,242,21966.492646
0.581182,110,21992.808142
27.89842,400,22123.873905
20.316382,400,22261.00612
44.10009,168,22321.005139
22.800916,341,22767.449076
22.613562,140,22805.098893
6.150078,37,22815.468393
5.360639,104,22842.978049
20.844505,74,22858.646516
11.19569,30,22865.216977
19.309776,174,22916.205943
0.475762,27,22924.490905
23.193695,107,22948.459651
22.359659,74,22963.983067
22.523289,54,22976.117432
1.970411,43,22986.139947
0.245962,50,22996.7543
22.335856,126,23023.874172
0.074636,19,23028.054803
0.065597,18,23031.921985
0.074372,21,23036.36945
0.069112,39,23044.596868
7.985068,65,23058.053898
8.027837,163,23092.644489
36.49169,565,23420.252401
3.719543,53,23430.985209
17.745739,97,23453.773674
21.880004,132,23482.850135
12.264853,142,23517.865225
17.742827,128,23550.521286
21.741777,98,23571.175914
17.490512,166,23617.616515
23.586055,160,23651.36388
16.77346,196,23694.703088
7.025533,95,23718.577931
10.38076,79,23734.100882
13.95824,116,23757.957191
0.035896,12,23760.272584
0.038458,13,23762.641968
0.037601,14,23765.501687
0.039211,14,23768.288964
50.949126,277,24207.479426
16.081644,117,24229.66505
24.901845,160,24265.345198
21.480084,400,24399.210279
15.798067,69,24413.339197
19.520716,400,24531.136639
24.153005,400,24646.284
13.637667,216,24711.283813
39.463787,372,24908.672643
8.748589,156,24945.798653
15.665385,103,24970.044017
20.822343,192,25013.307894
10.976078,400,25150.359024
24.760173,158,25191.998138
8.35399,53,25203.203206
17.26336,66,25215.920013
0.066568,12,25218.255687
0.066075,13,25220.976809
18.550076,180,25266.95197
18.653333,400,25380.930645
24.398828,160,25733.835612
28.137524,400,25824.458215
23.75035,192,25873.805491
14.281452,393,25962.427656
8.773199,233,26030.99548
4.805072,351,26112.522797
17.88648,757,26301.562755
13.6953,100,26322.679543
11.800039,49,26333.476299
10.039058,79,26348.318281
11.700318,68,26362.381281
11.862825,24,26367.20322
11.137009,26,26373.162582
9.870276,53,26384.195724
5.203297,154,26418.232931
0.049368,56,26429.054205
28.297473,85,26447.985913
21.18692,400,26569.894919
10.159292,70,26584.841634
11.892104,227,26636.682521
5.619227,102,26657.269941
4.099314,140,26789.053453
0.062922,13,26791.919032
0.072289,18,26795.668894
10.473436,71,26813.498615
12.278435,153,26853.043235
8.73294,70,26867.594594
3.702404,129,26903.892873
2.829032,232,26962.410161
23.215427,140,26997.073833
6.523373,83,27015.197947
0.089595,24,27020.704745
0.077588,17,27024.18472
0.010091,76,27042.344894
2.749542,108,27063.316199
5.767642,93,27090.919177
0.088605,115,27113.597692
0.564094,16,27117.335614
0.349332,12,27120.316501
2.204074,23,27125.79801
15.550527,247,27195.363348
2.222395,96,27232.157917
3.451638,344,27561.934044
1.190306,74,27584.959335
4.399725,169,27636.878592
0.036703,52,27649.551085
7.686017,42,27661.633082
0.041726,39,27672.288266
0.061842,26,27678.959324
11.821613,148,27722.46835
8.553235,220,27786.447192
0.035998,19,27791.315194
0.07538,21,27796.602536
0.01639,41,27808.360512
3.383664,400,28007.784383
6.393039,86,28033.182433
10.129203,400,28221.448374
4.797408,149,28274.403731
25.81702,243,28523.317722
46.882788,400,28647.435977
4.184893,400,28773.452276
4.495006,45,28782.607585
15.874445,100,28805.262614
1.07077,202,28850.049777
6.57069,68,28875.756635
1.406622,400,29008.366
0.168041,332,29324.120939
1.80145,400,29433.569355
11.226872,103,29462.189887
4.654842,400,29597.92393
8.098268,342,29709.778134
6.829225,82,29727.294151
0.03468,109,29751.014527
0.631171,265,29841.949889
5.737828,83,29863.317505
19.195804,170,29959.271461
6.929417,122,29997.708223
13.97584,73,30015.43595
12.972262,400,30133.100143
16.171769,211,30181.528905
19.58646,107,30209.468465
21.35181,76,30228.13965
13.182905,35,30236.295922
20.457114,400,30357.226406
21.147471,36,30364.778726
31.999127,237,30426.087973
15.440203,36,30433.497468
17.059167,57,30444.550746
20.664988,113,30522.802774
15.664811,400,30626.813631
5.777656,89,30645.134246
9.78819,194,30689.688735
12.543916,53,30702.364673
11.530727,171,30741.615744
16.791548,146,30774.021575
18.857546,47,30783.541348
7.60838,266,30851.98377
15.004396,157,30888.929358
15.365142,205,30956.225333
31.978484,265,31134.743049
4.383517,217,31213.319849
10.545978,400,31319.980569
22.705125,106,31343.515793
59.429946,217,31411.407426
43.175183,393,31521.367318
21.256319,118,31553.352432
25.630325,210,31603.838912
16.27134,113,31627.534973
7.428053,45,31638.388497
6.765501,54,31649.280352
0.402667,62,31663.087299
1.060149,59,31718.577475
28.175704,102,31747.440778
13.550729,78,31768.323151
0.056686,12,31770.459707
0.037599,11,31773.212675
0.018999,46,31782.364118
0.069049,14,31785.202597
0.074603,18,31788.574706
3.453487,46,31798.546874
0.044393,31,31804.493902
0.074418,26,31810.076003
4.459388,53,31821.021055
3.932216,41,31828.544673
2.16736,33,31834.613774
0.069555,34,31841.781832
0.076157,29,31847.560261
0.121409,29,31853.751531
14.896538,66,31872.067136
4.477556,45,31882.377785
0.081609,23,31887.083866
0.077939,28,31892.311326
1.560504,61,31904.523151
13.086927,57,31923.082793
14.171812,53,31933.520336
4.305093,29,31940.450034
3.438031,56,31951.469128
22.650266,67,31964.576085
13.794438,66,31978.804119
6.468671,58,31990.586093
0.086753,85,32006.551078
0.640781,32,32016.230306
8.085732,238,32107.681751
0.092475,40,32114.853153
6.746177,54,32126.093573
3.207281,30,32132.394718
10.519795,346,32283.540423
0.070541,13,32285.924837
0.070372,12,32288.410573
0.07339,14,32291.015047
0.088194,15,32293.849705
0.082669,13,32296.574176
0.075033,12,32299.040808
0.083784,13,32302.019416
0.088575,16,32305.580297
0.274256,45,32314.750686
2.05563,70,32327.755088
17.984396,62,32339.804087
0.812436,191,32382.780539
3.043007,65,32397.051778
13.999104,49,32406.251892
20.759497,38,32414.228535
19.477011,51,32424.188531
7.885513,88,32441.46419
9.604472,57,32452.379579
1.236883,89,32472.6398
22.525582,111,32495.615099
0.040821,26,32500.948555
0.03766,39,32508.609429
0.0703,55,32519.293442
14.551633,63,32532.619699
16.775084,54,32544.997919
0.93389,32,32551.22939
2.303341,80,32568.684669
16.921526,63,32581.099174
28.059616,45,32590.37975
31.812057,87,32608.673893
17.859826,87,32629.305741
22.523755,66,32647.785509
5.038145,34,32656.879202
15.997744,36,32664.514806
18.409775,61,32676.624567
21.950051,43,32685.599815
12.501419,54,32737.712218
0.848207,14,32741.049646
12.680661,88,32759.865106
2.423283,202,32804.656004
4.983785,63,32818.087108
22.786337,58,32830.165414
19.18072,35,32838.167905
4.570849,55,32848.813653
24.292674,50,32858.849767
15.241219,42,32867.489787
0.029331,60,32881.951957
12.673959,110,32916.917413
17.021798,93,32935.979011
17.025469,62,32948.677547
0.07861,16,32951.709816
0.133673,79,32974.025047
28.531913,54,32985.252867
22.325092,78,33000.606973
3.807663,232,33052.039572
12.502363,38,33061.528286
18.125954,146,33096.147457
10.561775,164,33129.199056
22.233649,55,33140.467963
11.461287,90,33158.832901
20.15624,173,33679.608076
28.880792,118,33704.725508
12.152693,84,33720.681801
20.122698,107,33752.350078
17.183903,101,33775.074794
9.383281,99,33797.155526
23.874387,114,33818.913311
21.253876,106,33841.386774
15.273082,94,33859.82434
17.87856,115,33884.994001
12.908899,148,33919.68529
0.321355,75,33936.116471
14.446311,83,33952.276021
16.947662,67,33966.040293
16.573782,48,33975.304593
27.350726,80,33991.550285
19.971339,51,34002.515431
19.902244,156,34055.118252
16.320764,57,34066.631575
21.911401,85,34083.829638
5.954877,61,34096.476106
20.814119,176,34181.411607
18.794493,61,34193.473841
13.723392,26,34198.841802
6.226127,124,34222.636202
7.872738,81,34239.072977
5.482579,168,34292.332245
0.050496,29,34298.044036
0.465073,56,34309.002682
10.301276,73,34323.493545
17.997018,203,34361.904072
0.076951,42,34371.585744
0.078059,14,34374.258888
0.078459,72,34392.031383
9.788713,101,34412.936009
20.475418,45,34421.565449
15.479037,116,34444.271842
11.340622,134,34471.909104
4.170729,115,34492.140949
4.402092,146,34525.827935
9.954532,112,34547.149272
19.250824,83,34567.580722
21.842525,38,34575.816957
0.068729,35,34582.701981
38.189612,112,34674.408095
21.080427,97,34693.049483
6.871792,125,34716.169677
10.812139,76,34731.059039
18.094199,34,34737.734186
8.078505,119,34762.369971
0.728229,97,34784.490174
0.223544,63,34796.994329
1.868534,68,34815.833826
0.175907,18,34820.087976
0.209201,75,34835.273729
8.171075,116,34857.055377
10.782729,117,34879.479536
13.740357,87,34896.714684
16.655357,224,34963.58356
0.402771,127,34990.02406
0.075448,26,34994.591253
0.081575,54,35005.089374
2.58806,134,35056.842393
24.203111,108,35077.141288
13.250197,75,35092.832109
47.956316,121,35168.412436
14.125642,111,35190.577416
18.895889,56,35201.773368
7.969541,67,35214.416897
12.09065,114,35238.030889
5.135195,77,35258.451582
2.716262,199,35328.7378
0.085684,36,35335.313467
0.084072,33,35341.392994
0.081069,50,35350.551677
6.153632,304,35499.545981
1.345459,60,35518.478857
19.30863,67,35536.156621
14.65502,128,35569.472799
0.087724,67,35584.994396
1.578674,16,35589.976469
12.970965,69,35609.605604
0.038458,19,35614.151581
0.044958,25,35620.54207
0.045565,65,35640.074441
15.73296,91,35672.315769
24.645873,84,35698.57838
27.930708,41,35710.297705
15.156095,60,35726.142378
14.639138,75,35746.438702
8.699953,87,35807.004935
0.151756,53,35821.449651
3.113099,45,35834.406804
0.146463,65,35854.62541
0.078949,29,35863.001115
0.079157,33,35872.520713
0.230006,101,35906.861845
0.07877,34,35917.279655
0.077809,56,35932.16887
0.062404,50,35948.745697
11.316577,192,35999.473414
20.504646,61,36017.89236
0.085405,34,36030.216216
0.17294,65,36053.320836
0.090344,37,36064.878863
4.964276,43,36078.359685
4.621418,47,36092.070942
2.465306,61,36112.015649
0.31407,37,36124.14219
2.399235,28,36133.586253
6.144392,50,36151.169579
1.135341,62,36171.173376
0.078151,19,36176.981655
0.085071,14,36180.833241
0.080697,18,36186.001165
0.09273,19,36191.352875
0.086782,16,36195.82882
0.077449,13,36199.477531
0.072589,11,36202.692279
0.08333,48,36217.626051
0.079041,73,36239.349609
3.039245,146,36280.431481
1.457359,87,36311.351982
10.527547,53,36327.830802
13.900999,90,36354.027765
3.028224,197,36663.858001
0.094918,95,36693.787197
0.096271,64,36712.941774
0.076339,84,36738.545084
0.084858,37,36748.922434
0.091206,113,36784.713494
1.150304,49,36801.059596
0.094452,26,36811.018275
0.094796,45,36826.664426
0.072507,22,36833.207664
0.094132,114,36867.385379
15.308213,126,36906.838498
61.660776,113,36942.805579
0.490654,97,36979.379506
20.721724,84,37010.440369
0.878479,45,37025.567385
4.72345,90,37054.45222
8.033939,97,37083.26998
0.091127,74,37106.432057
11.555928,138,37150.997759
0.206601,92,37178.141951
13.661184,68,37199.241556
6.50998,198,37256.381695
0.378149,88,37283.60651
11.113729,93,37346.066854
7.487677,104,37379.470507
37.299369,95,37405.902114
16.890693,96,37432.754885
0.06669,47,37446.959933
0.243216,87,37469.384529
1.462353,78,37494.446319
0.086441,45,37507.493584
0.750715,54,37528.929806
0.087245,55,37542.692844
2.32917,84,37568.880106
16.330184,87,37594.440414
19.599498,81,37616.274561
19.778038,34,37627.516883
22.200498,94,37654.335499
18.196813,89,37679.944268
11.152126,134,37719.725596
12.060095,129,37758.732049
4.483807,49,37775.553396
20.292921,177,37829.884667
5.932345,41,37842.032722
36.103808,126,37883.495497
21.209936,50,37898.360164
43.9017,147,38080.756107
1.956636,65,38101.518141
25.255771,98,38129.311784
26.916326,93,38157.302884
14.684131,160,38209.700552
23.825401,142,38252.415816
10.534555,73,38281.358895
21.001549,93,38308.205618
9.307167,59,38325.715541
10.611028,56,38340.861324
12.849999,74,38361.616997
1.202053,64,38380.721685
23.239489,71,38400.127089
0.073963,97,38427.756192
9.79796,46,38442.844812
0.082377,26,38451.042137
0.087221,37,38463.99931
6.517935,88,38490.900386
0.065746,27,38499.8263
0.051972,29,38509.85614
0.092575,124,38545.608984
21.384876,41,38558.917816
7.653271,68,38581.162745
18.93896,60,38598.820707
14.726533,217,38664.707474
29.187589,168,38783.647454
23.197971,121,38833.293325
22.505333,174,38894.518474
0.018278,26,38903.348573
0.02067,25,38912.292193
0.013401,24,38921.053158
17.194064,100,38949.335884
20.19267,110,38983.804682
22.430467,299,39076.900218
21.852303,114,39109.626418
17.709125,48,39124.471031
15.398352,76,39146.267563
15.627072,105,39182.009655
22.507486,190,39239.879852
20.903198,126,39277.724037
21.478791,112,39309.254542
27.749586,121,39345.002101
12.386794,65,39365.058055
21.633223,86,39492.473795
26.545439,98,39520.35296
19.707699,73,39541.23437
23.093242,98,39566.685596
11.654892,118,39599.421315
24.823769,40,39611.340915
15.382034,71,39631.802461
20.908307,101,39662.859918
20.905973,109,39697.720354
9.759395,83,39723.59365
2.143754,165,39786.257958
21.20761,98,39818.154777
21.621338,149,39866.500773
17.427016,122,39907.385569
18.986785,224,39981.45174
23.087273,129,40013.658276
28.53272,158,40052.287605
54.838814,170,40160.857208
26.229879,120,40213.380462
25.997961,171,40270.456711
24.778781,188,40336.515323
26.477913,169,40393.20671
20.114509,48,40409.086674
19.465207,155,40464.399856
28.825914,144,40527.992116
21.631393,118,40575.854662
23.297201,99,40614.869652
0.07095,55,40640.004087
21.557343,340,40892.782344
16.249861,88,40946.201665
29.540309,111,41002.968101
39.863756,201,41319.277064
15.883656,119,41385.96515
21.725251,141,41462.99958
16.894228,358,41688.349794
6.699503,49,41710.005098
21.918165,90,41748.023098
26.723826,144,41816.427103
21.310736,54,41835.135234
5.606063,39,41850.830414
0.075452,34,41866.59402
0.089651,26,41878.050127
0.060143,11,41881.698558
3.546446,79,41917.281519
0.080251,68,41950.290766
2.437489,20,41960.067573
0.090066,36,41975.391582
0.294047,180,42056.23295
2.279398,136,42111.773124
0.016073,41,42125.12734
20.116691,96,42164.998783
13.279115,157,42242.942068
41.97046,113,42459.356573
10.144101,174,42533.998581
17.261448,122,42579.465056
11.605535,96,42606.461606
11.677774,321,42702.363644
2.846325,80,42732.776455
25.398156,106,42768.413317
17.493388,151,42819.927375
9.025687,239,42887.234578
7.118763,178,42944.400785
0.078556,126,42982.478436
22.749011,209,43063.083966
0.09882,141,43151.214755
0.059276,11,43154.472084
4.776554,129,43195.796115
0.037652,79,43220.128397
14.595969,255,43312.655181
24.284898,183,43381.764096
22.99341,39,43394.60309
24.629632,109,43433.978988
28.677602,168,43512.208504
24.34743,368,43702.152931
15.096151,57,43724.112296
18.098564,87,43758.289877
6.082282,191,43823.876667
18.276233,124,43867.740184
28.662118,265,44045.200965
27.249992,109,44086.704852
28.097116,59,44107.906986
24.103239,114,44142.332967
20.736474,136,44193.847453
0.045866,16,44199.255308
0.077025,11,44202.240738
0.064257,19,44208.808142
0.075527,20,44215.623062
0.065576,19,44222.553167
0.071203,16,44227.976571
0.062365,14,44232.604184
0.066128,12,44236.647212
0.066114,15,44241.631661
0.072579,19,44247.781765
13.922181,115,44288.219517
21.697982,142,44346.089089
23.137188,128,44394.956573
24.39179,114,44437.348129
14.141411,109,44471.575258
0.062715,83,44502.91796
16.44712,184,44556.85103
19.425702,56,44574.499218
17.544079,314,44686.274143
23.614554,165,44808.15484
18.08106,115,44848.815286
0.067102,30,44860.769961
24.661491,121,44902.875985
25.097227,157,44953.056109
19.504074,146,45003.947608
21.855977,105,45034.408536
20.256871,78,45056.67353
25.251625,137,45109.613492
21.279424,187,45174.359101
22.31565,147,45219.480373
21.540037,75,45242.779258
8.478073,90,45280.450755
13.19158,69,45300.733624
0.090113,51,45320.534985
4.102496,243,45414.27431
7.335495,256,45586.221337
13.826526,69,45606.863443
26.697921,165,45670.008992
9.617818,78,45707.778609
31.761061,76,45731.32767
24.529811,191,45796.412534
18.873013,89,45821.69382
11.541641,58,45842.302368
4.606633,88,45886.519941
9.491569,113,45946.522177
5.516201,95,45983.467337
20.881977,107,46017.971508
0.082041,77,46045.00052
25.138779,121,46087.14819
26.239485,156,46155.589579
23.265779,199,46232.524962
3.346179,74,46262.875584
26.006973,119,46317.459255
51.79468,201,46532.240731
16.216252,36,46547.058791
0.095367,50,46574.883499
22.056259,108,46623.375924
6.46387,124,46678.480345
17.613118,159,46736.336972
6.093741,120,46777.190425
21.443089,68,46805.908781
18.549079,162,46885.151047
9.787911,101,46954.747835
2.862407,94,47008.704476
12.079426,97,47062.900362
0.080373,24,47074.060131
0.070189,29,47087.70315
0.068837,33,47105.284159
21.031257,149,47173.759479
0.567233,43,47201.844775
7.543144,58,47224.109872
0.083591,72,47266.092829
3.352408,193,47366.88573
19.537202,60,47400.142182
46.606855,248,47728.307867
15.187507,157,47794.719512
10.765819,162,47846.080888
2.793797,122,47881.905606
0.021301,33,47894.250531
0.082589,94,47941.117207
13.258904,51,47958.87528
6.765036,48,47977.260205
9.269075,64,48008.264112
18.306523,129,48060.830717
23.201278,121,48106.822675
0.09045,58,48139.38333
0.560705,43,48168.18868
13.18297,84,48194.581314
12.69954,83,48228.375374
16.780456,154,48296.923679
24.270779,149,48364.364394
0.065958,16,48369.064109
0.075311,41,48382.52855
16.116373,130,48421.323016
0.095969,34,48432.236644
0.149628,125,48565.408292
16.082083,92,48619.744123
24.704024,117,48676.618938
23.59419,107,48713.202954
27.728518,190,48768.362476
22.423422,105,48801.550641
0.066961,68,48820.977504
12.537525,127,48862.52932
0.094049,61,48882.603675
0.070126,80,48919.311579
21.360112,163,48981.280111
8.500318,146,49027.666922
57.100707,222,49097.949918
5.649343,150,49146.23473
11.122098,250,49267.634979
37.014261,135,49352.374178
15.997448,91,49375.361384
26.411882,163,49418.567617
22.189911,46,49431.087819
25.587868,88,49453.523942
18.085016,98,49480.535267
11.356604,189,49536.262622
6.062408,44,49547.701015
23.349108,70,49565.51114
1.103145,47,49581.237576
2.022212,24,49589.10893
1.944736,44,49602.034117
18.484346,230,49664.001006
10.999118,205,49718.356379
18.419268,163,49758.316706
19.973464,166,49807.862244
21.38397,132,49841.0648
0.098298,90,49863.29183
0.162886,82,49915.24384
9.020618,161,49969.358361
15.134146,120,50002.783246
0.437574,76,50025.184197
0.284905,61,50044.317242
4.554346,70,50062.718072
20.406953,77,50082.268243
23.034208,84,50104.433437
2.318428,59,50121.800173
0.57775,61,50137.973379
0.374164,51,50151.060652
0.130262,49,50162.526958
20.610167,141,50213.871332
19.250572,106,50271.286874
17.339983,90,50303.767271
5.680466,68,50328.512582
31.061293,79,50351.56048
21.400054,117,50389.579844
28.112452,121,50425.079901
21.27514,99,50461.341038
19.159202,192,50515.522109
20.108461,123,50659.829495
22.235737,122,50696.008731
17.462081,218,50774.382405
23.246751,103,50803.90798
22.72089,132,50842.375956
0.023302,20,50849.506643
0.025892,24,50856.999205
24.66863,88,50881.448224
0.080036,72,50904.946476
6.511928,25,50912.11009
4.476845,82,50933.707361
7.668697,148,50972.861425
8.256073,139,51019.001923
10.108607,223,51088.379303
11.904924,125,51120.959411
22.435357,356,51224.723783
34.806763,353,51394.185728
19.258543,70,51413.957674
14.197493,58,51429.124307
23.857612,66,51445.852128
27.6691,72,51464.877514
29.353223,238,51535.372938
21.721264,68,51553.652298
21.792195,152,51602.964526
22.365602,297,51697.394551
31.685573,214,51755.376061
23.926865,38,51766.26042
36.920384,168,51814.426667
25.713028,96,51839.010594
26.406643,320,52036.450727
19.843126,113,52069.161062
14.01906,85,52089.453388
21.687728,89,52113.464366
21.511861,150,52151.239816
26.255841,308,52233.067826
12.664372,379,52347.189243
29.1029,131,52393.225054
18.832258,91,52422.041463
16.620052,224,52481.211531
24.802066,77,52501.547944
14.825719,68,52520.786354
18.945213,77,52547.504957
42.828428,187,52679.045258
17.842547,355,52771.157245
21.235333,136,52809.859342
14.574949,269,52885.491352
23.13566,87,52909.350341
18.701013,137,52945.452128
19.447342,146,52987.276625
8.540457,312,53078.755652
28.136492,96,53104.813505
14.003996,136,53145.093739
0.831837,153,53190.306126
0.088267,34,53201.846029
0.129032,29,53294.615821
21.851057,37,53304.812798
18.80235,356,53403.496194
18.990401,84,53424.987812
21.340112,194,53483.239321
18.550709,122,53515.567541
20.250437,166,53568.441543
19.771817,204,53632.760631
9.388664,70,53651.968352
21.449465,367,53749.859522
35.579872,167,53808.954101
35.889071,55,53823.734385
32.782087,71,53845.697295
64.325964,201,53936.646792
31.38968,89,53960.135436
31.843649,109,53989.409952
30.541131,50,54003.693266
28.844545,169,54051.143019
27.094487,154,54097.188735
26.069176,48,54110.545502
32.149932,129,54146.93175
30.022567,121,54186.227959
23.925,134,54237.403196
22.840118,57,54253.801261
25.828496,131,54310.59074
24.622409,81,54361.873044
24.966084,51,54377.064278
21.163513,35,54386.154644
28.394273,205,54462.187517
50.792694,519,54865.078493
22.480078,203,54920.341435
26.570033,72,54941.99034
27.53455,240,55025.104994
19.122594,111,55057.277823
29.266859,316,55150.607984
24.751117,249,55237.110391
18.677817,180,55286.538959
23.639374,194,55339.060882
17.348503,33,55349.173843
36.747627,288,55537.513812
11.056374,81,55564.949723
20.831436,137,55645.817569
22.011585,241,55764.350766
14.023555,119,55799.188128
15.903544,141,55837.786553
26.584317,98,55872.004258
0.363244,51,55887.165707
16.955133,108,55917.817452
0.076966,79,55947.566429
34.611336,207,56005.819732
11.762538,400,56235.01364
1.414189,216,56326.529829
1.204534,53,56402.206085
0.076775,55,56421.412762
0.07058,40,56433.40855
1.40144,47,56448.056401
0.073918,54,56464.333079
1.015003,94,56496.733438
0.031715,102,56534.401443
0.073063,52,56553.895645
0.072878,31,56565.411112
18.087282,217,56643.679481
0.037344,17,56649.371453
0.034341,41,56662.692924
0.014591,29,56672.092869
10.208655,219,56744.83963
0.019798,17,56750.789662
0.022338,16,56757.377277
0.040046,17,56763.690196
0.234146,68,56792.220174
0.043637,18,56797.688626
0.074271,21,56804.210175
0.07855,20,56810.432858
0.074788,21,56816.289432
0.078941,82,56843.180302
0.073625,40,56858.992016
2.920438,158,56914.885043
24.276379,123,56955.905491
27.231738,97,56982.392191
22.287603,82,57006.646665
26.336067,167,57057.767896
37.220417,90,57103.394028
20.324194,71,57128.185374
14.405248,90,57155.385826
13.756871,107,57200.495007
23.096925,51,57218.989217
20.036144,151,57263.315349
14.718237,257,57360.213868
16.376907,153,57419.618145
19.649674,219,57490.096481
21.833978,179,57580.872796
20.466471,270,57675.293503
12.889139,116,57720.856182
38.861147,462,57979.34885
23.710728,33,57988.525883
7.875635,24,57995.404205
19.754022,245,58060.711999
19.118118,118,58091.529922
28.073701,174,58167.748551
15.451222,179,58235.919916
20.562311,112,58274.00227
20.066582,251,58381.853501
18.723277,79,58409.640474
33.4222,96,58438.961294
33.224155,134,58494.265097
5.781592,233,58620.596139
20.282153,78,58646.152618
58.780176,212,58764.485647
6.328223,54,58783.055176
16.942758,155,58847.990747
31.892463,238,58953.992047
5.112825,279,59135.799476
8.073699,121,59174.55854
20.667054,107,59224.391857
21.529352,380,59376.823576
29.145472,183,59407.974564
27.387948,234,59465.459802
16.268151,26,59474.363456
33.202251,280,59592.524123
24.801134,261,59668.033747
30.81015,400,59758.321504
27.316537,324,59857.761079
25.19451,287,59931.463981
19.695359,305,60026.265226
55.740244,262,60216.324042
32.575646,45,60223.858896
40.869443,316,60277.753511
72.18653,322,60337.482344
19.913825,192,60392.229048
29.878515,370,60514.104476
25.389596,400,60611.661444
38.679976,130,60638.026951
26.790165,166,60670.046379
30.226598,282,60888.349954
27.944888,373,60967.068934
25.829656,286,61034.452095
0.043005,86,61061.000836
31.575331,113,61087.555033
32.108338,44,61097.160049
34.560762,215,61145.051783
14.223688,194,61185.306058
17.311365,218,61249.268566
16.079161,109,61275.202636
41.422505,194,61439.288356
33.746467,80,61453.382034
43.474673,197,61489.050297
32.528268,54,61498.292003
18.700171,267,61550.708212
30.486177,241,61598.72483
29.323163,155,61627.753968
19.676498,75,61640.031905
11.962822,127,61660.640151
19.784136,306,61714.745989
23.640537,81,61727.514634
23.628966,239,61769.009134
27.427202,448,61990.063999
42.831078,255,62048.472905
26.937831,327,62125.284912
15.676127,147,62164.525471
16.869852,32,62170.965286
39.374098,150,62206.802693
20.513203,85,62225.193122
63.00462,75,62238.887331
35.427731,121,62259.988134
19.712441,115,62277.712662
12.487337,236,62322.09887
44.002576,341,62458.753222
21.071971,145,62482.792333
9.677383,327,62545.763571
20.692867,191,62579.823441
7.801439,146,62608.006684
39.453176,158,62642.702438
23.510032,206,62706.545092
31.978006,58,62715.762748
28.407352,175,62747.240965
21.273206,47,62755.130605
9.343687,78,62766.922696
25.74129,151,62792.153289
54.505438,266,62900.435433
12.712024,247,62942.157244
16.81708,178,62975.606648
14.456246,43,62982.31553
13.049428,121,63014.077472
27.16106,230,63070.161383
21.68234,224,63115.504708
12.279228,286,63169.180452
14.164558,246,63212.327759
49.411256,269,63277.316306
19.799596,93,63293.004102
10.761394,185,63322.332228
21.65402,194,63356.210001
22.731113,224,63397.07596
17.809895,51,63405.196996
33.554757,159,63441.105204
18.445513,138,63475.237529
15.973758,112,63499.626083
16.662935,34,63507.141741
18.915684,118,63535.297571
26.906746,305,63613.218308
33.850413,285,63667.691589
20.165454,56,63676.995401
28.240737,193,63729.550994
18.50615,218,63780.220184
13.366625,47,63788.527171
24.976058,79,63802.802724
23.407029,208,63850.673669
26.25615,64,63867.298381
31.661984,180,63909.097735
10.244132,46,63919.074429
24.999998,200,63972.543278
25.671812,59,63983.41464
23.038879,297,64088.300739
27.256749,152,64117.953532
14.173776,84,64135.016898
0.078607,120,64156.765969
48.888404,174,64319.751018
22.393309,128,64344.677652
25.445352,115,64376.297659
12.431622,88,64393.70127
12.156753,202,64442.225564
12.120176,160,64478.747436
25.249428,170,64525.518239
4.380345,18,64529.242047
13.394543,400,64632.333939
17.047745,140,64655.133444
20.622494,369,64724.95382
25.99903,81,64738.118556
19.242839,199,64822.109185
27.134958,94,64837.700322
1.95588,51,64847.00579
1.474058,180,64885.919184
25.23979,54,64895.393851
13.462273,145,64918.914862
11.166511,119,64941.250103
30.266103,257,64986.432266
28.689297,105,65017.646371
15.293923,86,65050.75002
22.15036,224,65111.238552
25.912586,118,65136.247299
12.597444,159,65166.302041
8.70064,73,65181.812336
10.728879,67,65198.407849
23.275528,253,65292.370724
7.050718,242,65352.80882
0.083026,26,65359.501167
0.032676,35,65368.669397
6.394609,116,65390.624403
16.182718,147,65421.894066
6.489871,17,65425.410325
16.725392,26,65430.493086
29.26625,400,65564.201846
22.447466,159,65592.389835
19.239237,103,65611.569024
23.222747,269,65658.678932
8.185376,141,65686.744127
49.103274,326,65781.791034
19.509248,179,65810.456547
15.239738,82,65823.260275
20.287692,171,65850.956485
30.482187,312,65916.119088
18.863489,224,65954.00099
18.717804,210,66002.428295
32.332895,134,66022.540974
6.339936,130,66045.166204
7.702264,83,66059.580337
31.422809,124,66080.584371
59.100611,261,66195.801334
16.12058,246,66258.85458
12.40171,222,66295.689851
14.466185,243,66338.846305
19.203996,258,66385.384402
17.484071,216,66425.644871
22.678256,272,66487.013951
27.90102,295,66548.573736
49.616771,193,66657.437596
36.450481,400,66721.725327
55.543917,192,66759.29848
42.788116,244,66802.548428
31.800029,199,66835.53409
28.259767,387,66904.360203
36.233006,378,66986.08845
66.383539,248,67050.723036
39.420734,326,67107.763709
18.900627,176,67136.50125
40.220827,360,67203.919446
35.698565,314,67267.853793
38.36004,297,67324.729096
38.232207,169,67357.230113
40.450944,155,67393.399726
37.664796,275,67573.961086
26.427408,65,67584.675662
31.5772,296,67632.404814
38.811556,363,67692.993882
38.179562,400,67795.481458
39.057521,181,67831.145285
25.96183,202,67863.240436
27.567929,200,67902.573135
66.667441,389,68111.956712
31.977678,169,68144.495445
32.727477,87,68160.507468
38.902546,246,68208.953291
34.976827,155,68237.335978
39.020656,400,68307.20288
16.600377,99,68325.28512
23.327703,263,68390.923299
86.702266,314,68445.434901
56.092999,258,68594.756011
35.834592,117,68626.672653
35.097893,186,68661.602671
63.212338,128,68685.254233
80.918873,164,68720.074082
31.788153,40,68728.302114
31.781858,80,68750.010125
30.454378,103,68766.812688
30.658775,143,68791.869309
37.974561,100,68808.110773
30.167558,202,68863.878344
35.503683,263,68908.967341
31.863619,196,68947.758925
46.962863,88,69008.067342
25.05289,400,69077.292778
43.060046,90,69093.138564
18.935603,147,69124.618963
19.378792,83,69138.100307
7.489539,326,69196.361535
30.853589,150,69222.149708
28.036723,222,69261.225318
26.075752,117,69279.453852
21.040903,64,69289.188803
88.894426,423,69415.726665
28.714205,262,69459.527194
36.555259,325,69524.425813
25.145278,73,69535.960596
20.812704,119,69558.09287
26.231499,257,69607.180585
22.028158,167,69633.600705
25.390188,122,69654.423157
37.775574,190,69687.948359
33.256946,400,69764.965685
29.608509,236,69957.488338
25.948718,280,70019.644983
24.567849,241,70056.28913
50.835152,145,70086.628312
32.894983,310,70146.024338
50.995522,141,70174.467861
21.52241,158,70218.649198
37.970777,188,70266.698619
33.341899,175,70321.46913
34.447775,178,70419.126843
39.258053,329,70492.063134
41.018482,157,70538.805419
31.494827,204,70577.273006
8.69445,122,70599.073164
5.826104,166,70625.695221
40.208757,180,70658.533935
26.409489,283,70723.982927
18.653658,142,70749.399885
29.286987,295,70802.324708
24.133308,41,70808.963713
54.362231,92,70897.836117
19.190142,131,70922.679626
14.975589,82,70937.834476
37.528672,136,70964.080514
88.880277,203,70996.782641
33.00758,42,71004.014412
20.632528,301,71057.169761
21.047886,206,71092.358502
28.841647,181,71126.291955
24.290942,336,71185.907919
28.284551,195,71226.282393
63.645379,430,71402.703868
22.167689,75,71414.45096
20.922309,124,71433.903201
28.075636,108,71450.525161
33.546253,172,71479.242156
35.062952,175,71511.941206
29.167022,187,71542.980178
28.612194,193,71578.617433
36.230786,111,71597.404658
32.246756,400,71698.22899
30.916733,57,71708.210144
38.093695,102,71726.341995
34.356549,131,71985.495201
22.866604,37,71991.451406
30.602014,261,72036.729512
26.484596,111,72054.605697
24.071289,71,72065.716861
66.305162,292,72123.788213
76.194893,208,72162.481725
37.082333,357,72223.012709
28.361614,138,72248.96092
29.734741,619,72572.426058
16.69511,53,72581.24466
40.185553,118,72607.783784
35.01059,245,72649.943667
19.893224,400,72740.841043
38.371368,175,72782.294708
30.50824,155,72826.996109
46.197618,355,72904.250082
31.68775,193,72948.757078
95.412004,312,73143.682662
38.254091,220,73186.627192
34.100253,53,73195.945024
25.944978,70,73207.954828
5.846894,73,73220.039593
40.698373,71,73231.532777
40.453177,167,73260.772299
26.142884,400,73335.123057
28.505245,173,73365.660305
25.325837,392,73459.465707
74.187624,397,73569.327915
51.04576,253,73621.847834
24.474009,187,73659.851536
38.726748,108,73679.374787
43.314959,176,73726.496763
10.548991,177,73765.344135
47.576784,172,73834.696408
18.132002,153,73865.715379
47.349791,400,73985.640275
126.319189,527,74227.633442
33.974076,71,74239.761878
33.065204,170,74275.224366
36.731748,154,74313.136611
30.449144,93,74333.572482
10.093544,24,74338.512692
12.607669,139,74366.136729
32.768487,209,74417.779786
10.109861,23,74422.672765
36.337911,67,74436.467529
32.10813,169,74471.624886
70.235653,106,74490.915372
22.397951,207,74526.510812
28.525311,75,74540.49768
52.795429,247,74603.492488
15.426473,121,74629.762498
22.610523,92,74644.549873
0.07708,32,74649.746525
0.072829,35,74655.439491
24.23071,125,74675.575944
9.661447,124,74697.768627
65.007542,158,74723.16814
14.338096,65,74733.943315
9.544457,62,74744.827508
8.257213,183,74783.239877
17.076795,36,74789.530208
43.566588,160,74822.190009
6.690217,226,74864.278359
0.448617,89,74879.844753
0.122481,58,74890.421328
19.540969,130,74916.219088
15.442555,123,74942.814305
32.196642,103,75000.988289
22.654466,224,75039.89508
29.802875,255,75088.596478
13.541772,236,75127.67691
36.239589,191,75160.486235
5.379022,97,75176.511285
7.439145,206,75211.617686
37.417544,326,75280.602922
17.88922,86,75294.067765
14.441551,105,75313.295077
23.348334,115,75333.520244
79.078624,334,75502.642597
0.08789,60,75512.991664
39.592744,266,75558.718014
11.543152,156,75584.972233
56.138809,400,75675.696278
44.944145,80,75689.594556
42.117279,196,75733.461604
58.379602,109,75752.646529
28.193411,113,75775.891866
39.380669,212,75815.270392
67.117438,142,75841.330139
80.131045,217,75968.864319
47.782065,224,76010.815719
22.463493,88,76025.138049
22.703265,229,76064.474587
36.319315,400,76175.772432
9.438798,68,76187.405761
31.155787,142,76211.981236
35.482717,89,76228.091376
27.477449,246,76279.851991
28.759019,113,76299.016853
11.723424,157,76335.827902
56.969489,309,76466.486331
29.476043,207,76501.742188
8.264987,140,76534.350659
42.694643,101,76552.209483
26.352287,101,76569.993717
20.44727,116,76592.350013
20.42676,74,76606.415871
20.91036,196,76649.125464
11.722812,119,76671.002394
35.49191,84,76685.120298
30.651931,105,76704.935393
24.185345,37,76711.102185
23.525764,252,76777.218063
5.363939,80,76794.845239
1.200073,96,76816.771816
4.738019,25,76821.383652
9.67614,38,76992.734225
10.052746,335,77068.489111
8.485754,24,77072.810041
10.788966,296,77123.894636
5.228336,223,77175.040788
7.187772,160,77206.453187
8.11034,250,77263.648
7.786627,246,77316.228099
10.27777,181,77353.84585
12.806094,150,77382.954417
17.022085,91,77400.953334
11.963451,406,77541.112383
12.379278,197,77592.146376
9.009486,194,77647.378563
6.540969,153,77685.499466
8.113245,80,77702.003837
11.124624,20,77706.110737
12.706216,113,77733.025233
19.208485,93,77753.154098
17.939348,87,77769.923419
15.350462,217,77827.793819
4.19676,62,77841.520626
30.632305,123,77864.065986
23.275253,104,77883.087106
56.944313,556,78075.486067
23.593697,198,78114.878148
68.683945,236,78162.950385
51.768979,248,78209.527219
34.287911,137,78236.917305
31.165996,112,78257.667298
30.568718,400,78328.336904
19.312174,89,78346.064445
144.130285,461,78481.314614
34.13159,282,78550.98614
29.946646,128,78579.226007
30.404748,121,78602.431264
17.261628,65,78615.393693
33.939504,46,78623.844203
32.251866,113,78646.861428
34.285322,159,78675.586614
34.955964,197,78709.735458
28.738904,54,78719.681881
9.569598,80,78734.086462
22.666262,49,78742.985253
5.695091,400,78847.031005
32.71844,81,78904.854884
23.738084,174,78948.974708
12.06456,114,78969.405633
11.18843,29,78975.191007
20.370259,53,78985.239799
15.976414,103,79004.06673
8.32961,174,79036.586847
5.965853,173,79070.567404
35.765317,113,79091.165439
26.149709,123,79111.83316
34.797185,84,79126.338551
18.021259,73,79139.469849
26.77479,159,79174.337472
28.307222,64,79184.90414
25.940136,89,79200.266479
33.073534,400,79302.636609
54.959805,167,79371.785396
41.105947,78,79387.844747
39.735685,166,79429.279125
31.14973,106,79448.840683
27.337588,57,79459.977117
32.255407,400,79568.387826
36.638214,78,79585.213616
38.914723,85,79601.205891
30.602837,113,79625.60726
32.578644,110,79647.55025
47.649175,192,79695.399018
35.318064,98,79713.902168
18.823512,224,79768.34413
34.50457,267,79875.976246
59.0709,105,79895.707553
42.598512,225,79943.533672
30.438345,104,79968.296465
18.0664,164,80007.820179
16.333977,258,80066.838449
21.77957,126,80093.826464
19.928841,99,80115.883883
14.96963,167,80153.398464
25.109315,88,80169.765289
12.432931,174,80204.313989
50.14829,548,80406.206851
30.043487,50,80416.234018
24.019941,137,80441.760002
23.57889,86,80459.283739
27.996647,162,80499.816479
27.513882,283,80571.808615
29.694914,331,80672.425843
39.947711,157,80714.280437
32.733035,144,80755.350917
62.599424,319,80855.353298
57.840253,411,81201.817937
27.790052,37,81208.629574
26.3364,363,81296.834496
11.374877,363,81388.374812
22.810678,220,81430.572617
16.752902,377,81535.918414
26.094258,718,81894.843116
10.83723,253,81968.644195
24.388923,185,82018.300063
17.395629,183,82068.732604
17.390343,261,82139.435231
38.137248,111,82162.895873
13.087352,157,82195.133808
5.235672,45,82203.864697
13.869024,194,82256.732895
13.350581,46,82267.617835
18.219991,174,82309.737816
0.074269,35,82317.176776
0.144638,59,82342.61416
0.092591,44,82351.576323
0.087977,42,82359.949098
0.092996,38,82367.396202
0.078774,19,82371.643698
0.086459,19,82375.325797
0.085914,24,82380.109636
0.083904,71,82395.117362
0.090194,30,82401.047662
0.088075,25,82405.819432
0.091478,59,82419.760845
0.246703,51,82430.492396
0.074021,59,82444.655862
4.838707,102,82474.945276
10.775369,61,82488.164779
18.457647,56,82501.191377
27.121768,116,82529.048268
18.221475,118,82550.927521
22.983374,400,82667.085808
19.871485,183,82703.764407
12.030531,24,82708.746418
14.576829,116,82730.932626
13.727432,156,82777.598802
22.167963,136,82820.767477
15.432066,122,83175.535307
29.886935,92,83199.024092
27.213943,67,83215.451694
25.67576,34,83224.607985
25.379069,253,83299.80241
21.212748,201,83358.402561
1.276297,122,83383.979458
4.256421,84,83408.681712
3.010911,125,83441.143605
6.926615,161,83481.335794
0.050563,68,83503.778104
13.551968,33,83514.004377
0.530316,146,83543.578874
15.915129,112,83564.93345
14.916236,25,83573.861796
37.857931,79,83590.676564
26.722847,126,83614.145494
24.648027,113,83632.811283
21.485279,353,83747.732686
12.208513,157,83779.98982
6.99256,144,83811.048841
11.737947,325,83903.320777
8.082386,107,83919.938905
11.727257,163,83951.942324
22.313488,86,83966.876497
17.541418,87,83982.154831
7.047299,81,83995.532029
19.643821,149,84020.286207
21.508236,210,84055.311709
27.967291,418,84167.355956
16.993382,181,84196.290265
30.309945,156,84228.670092
56.047664,112,84248.640034
22.570183,197,84286.788993
20.394999,400,84376.804452
17.649527,107,84414.807569
31.621469,197,84451.979607
18.425823,212,84496.540931
10.423676,170,84531.258168
22.963497,283,84854.34437
31.305617,188,84894.870944
14.266038,131,84917.802198
15.653053,153,84949.878152
17.873353,400,85050.981601
28.336516,107,85071.396261
27.375908,400,85171.194934
9.044206,78,85193.294514
7.406231,188,85226.993448
23.44952,133,85333.272335
16.074658,88,85348.121921
15.278385,28,85354.027392
17.388826,29,85362.03583
15.506342,72,85376.254395
18.928127,37,85383.199808
22.138158,72,85395.486511
19.505395,52,85405.245864
36.909396,68,85417.446188
30.677838,111,85439.687503
36.063388,194,85487.948977
20.386557,117,85512.721889
22.239548,34,85521.517228
33.291845,79,85541.4913
18.46352,400,85646.261954
20.558784,400,85760.598637
21.132,95,85777.566324
24.257099,35,85783.656908
58.483296,145,85949.298898
33.912672,134,85974.439001
21.263162,34,85980.156962
19.982214,400,86058.621233
29.582868,37,86064.76569
25.624349,334,86141.483594
34.806152,77,86154.710263
25.529424,205,86210.960436
32.993313,49,86220.574341
23.535399,36,86228.438417
20.463634,34,86234.999961
32.233429,291,86314.805943
29.131579,107,86339.045391
26.690804,81,86364.968205
63.687194,412,86577.402149
37.010859,400,86662.532243
29.121674,62,86674.702578
32.910125,147,86702.857073
23.965113,103,86725.051695
18.104035,400,86823.420867
21.96232,108,86844.048733
26.165096,79,86855.746922
12.212451,96,86872.550253
8.079463,100,86887.248632
16.016031,132,86907.497089
28.123958,155,86996.019161
28.730038,93,87013.401381
44.151098,104,87029.035382
18.204387,110,87045.517279
15.727604,29,87050.57783
17.846003,102,87066.392552
44.860373,92,87083.08627
19.000696,400,87163.647995
31.703652,68,87176.986562
22.344092,400,87269.283623
26.147466,386,87359.366814
64.407442,164,87414.974005
12.362168,80,87428.056684
24.270508,248,87483.880408
19.498589,140,87511.759354
20.545367,36,87517.643746
17.680712,258,87586.566512
29.573307,38,87595.70828
24.362808,326,87659.510481
28.731754,311,87727.666408
23.027917,234,87779.498342
16.891966,25,87783.831673
21.378595,37,87790.861379
14.181233,174,87818.857369
26.51863,34,87824.476892
43.048801,317,88019.129971
22.432347,261,88071.752723
33.411022,42,88078.217218
34.581129,79,88089.363754
34.362985,71,88100.800002
26.124406,400,88200.814135
34.741321,177,88246.254855
20.194029,373,88330.867999
24.832085,41,88338.421094
14.128965,23,88342.058165
11.67305,75,88353.878602
35.986337,228,88421.538972
18.144419,232,88469.236093
21.916121,191,88507.227661
33.771241,137,88536.93513
21.370965,400,88631.009593
26.087416,60,88642.490801
16.742361,126,88665.508603
15.476879,64,88677.065553
19.598884,110,88697.555627
36.567894,101,88717.120357
28.752897,34,88724.577547
28.191139,62,88735.955177
35.65036,39,88743.876463
26.932276,33,88749.032493
31.527399,70,88759.598112
25.091902,32,88766.046638
32.326902,73,88777.177736
42.635755,53,88785.869188
31.541531,44,88793.666611
50.190238,105,88846.428778
34.898308,42,88855.801376
33.407005,171,88894.241303
20.201906,31,88900.759405
29.710433,35,88909.74966
14.310541,140,88932.680529
33.107367,90,88951.554575
22.14899,62,88962.764768
29.169693,241,89004.445712
31.715539,130,89028.362087
27.378835,87,89048.278641
32.881902,88,89062.980844
32.13792,81,89078.478456
20.223582,100,89096.244325
24.023051,198,89147.795532
12.320998,77,89160.920748
30.051499,73,89172.808304
34.82863,80,89187.630919
34.446572,52,89197.380885
36.109471,80,89209.569799
32.768124,88,89229.909045
37.897844,175,89321.498469
19.882427,111,89348.41779
22.912378,125,89377.68273
17.671197,125,89401.108761
20.597415,110,89425.644218
35.880788,44,89434.091691
18.561208,60,89444.632493
24.433535,101,89467.051437
13.314815,96,89487.473682
24.402285,212,89529.781466
34.806356,56,89543.43731
35.041208,123,89565.843898
34.644343,42,89573.564387
31.154013,51,89582.390601
34.829417,50,89594.494068
38.004924,54,89616.184734
26.399885,87,89636.395579
25.197965,97,89653.392596
28.367556,71,89665.570184
15.220832,94,89685.736368
30.639209,86,89701.96288
7.641252,137,89757.921533
2.82383,134,89794.300766
2.484719,26,89800.37322
5.688786,136,89846.241982
17.976952,67,89858.041535
17.37762,55,89867.935921
25.772989,69,89881.581293
11.966559,249,89937.897486
29.114098,76,89949.350549
23.076749,233,90001.214206
17.510417,278,90060.711031
20.47616,274,90110.933435
1.694905,70,90124.335471
12.045156,22,90128.061037
5.947638,123,90147.797229
41.633925,217,90209.137365
30.837859,40,90215.334311
11.697972,22,90219.696116
40.702894,312,90280.194421
28.406192,53,90289.259287
34.123801,392,90376.877419
23.169583,257,90459.896768
24.097381,68,90474.399767
31.329494,218,90539.060923
20.050222,84,90556.294825
29.208108,77,90571.971065
26.854766,78,90587.932373
35.766496,55,90600.196434
23.609278,82,90617.07145
31.981989,192,90723.234599
35.291582,81,90739.095388
28.988158,50,90750.101854
31.999053,208,90815.390062
3.339934,22,90820.660679
4.487924,69,90839.583857
25.621799,47,90849.109792
32.263471,78,90864.933973
29.461641,266,90941.727055
32.643231,47,90951.420323
40.478127,58,90964.514187
36.356891,83,90981.369714
28.833746,197,91037.33237
37.923082,104,91059.554715
23.358732,76,91075.895491
30.939405,115,91099.880839
23.276349,91,91117.720387
15.375191,27,91123.832539
16.623071,25,91129.578878
15.29448,91,91148.377349
28.903432,75,91163.33334
22.762314,37,91171.65676
60.920116,179,91252.394284
34.907575,82,91268.847487
34.73807,55,91281.088373
30.426086,89,91298.806723
24.158602,155,91329.549197
30.447172,90,91346.813621
18.94286,84,91363.969955
32.626488,83,91380.411062
34.154897,141,91408.348582
19.056404,174,91454.951991
7.731615,18,91459.87139
33.178573,41,91468.611984
34.829529,47,91478.989919
36.663815,198,91522.937163
21.456177,217,91571.039219
35.408898,43,91580.158309
26.448501,191,91637.721183
27.0237,48,91648.488203
33.867891,48,91658.501594
51.033413,459,91844.344951
0.082542,31,91849.904679
0.083813,27,91855.353156
0.091739,26,91860.536689
0.084649,26,91865.650218
0.046027,22,91869.978393
0.071743,26,91874.598164
0.069798,25,91879.397752
0.082441,29,91885.028332
0.518092,56,91898.623553
0.07578,24,91903.431047
0.07339,24,91908.332382
3.141909,75,91932.19222
13.012015,86,91956.479752
0.635202,13,91959.851862
0.746064,13,91963.28749
0.207676,11,91966.087914
7.448254,400,92159.071942
0.582844,148,92206.2433
0.220801,33,92214.59787
1.09622,124,92254.765662
0.077044,69,92270.144863
0.080364,72,92284.697142
0.183397,58,92297.556928
0.098894,45,92307.105597
0.140333,54,92317.620631
0.075693,44,92326.138644
0.073158,39,92333.728678
0.07317,46,92343.06586
7.185892,65,92379.39666
0.069755,48,92389.430054
0.071065,52,92399.872839
0.121755,46,92409.240127
0.073771,44,92417.707981
0.07353,47,92427.285377
2.291506,50,92436.888453
16.980409,91,92455.664802
1.273536,180,92512.309323
8.426588,54,92522.542361
0.074697,39,92530.882578
16.68862,80,92549.758361
12.851469,56,92561.244319
8.16814,50,92570.519791
8.753775,51,92580.463003
20.091323,39,92589.055858
15.551608,54,92600.456364
21.254471,162,92655.356538
22.758737,170,92709.666726
21.982085,64,92724.796189
31.871829,89,92748.849514
42.544133,198,92810.001393
20.373501,80,92826.042281
21.992035,81,92841.785146
17.414044,62,92854.838277
40.467556,123,92922.179462
19.604415,83,92939.397552
8.212198,89,92958.82587
19.635289,150,93002.117064
15.367739,50,93012.056864
20.779107,154,93055.565407
14.123891,171,93099.49642
8.099496,131,93125.597769
12.50493,182,93169.382465
17.080456,240,93233.703816
13.809078,168,93276.644416
19.159443,184,93308.426949
14.06501,185,93325.329049
30.170074,56,93329.4603
35.063696,43,93332.683618
40.512552,246,93419.031517
25.677314,159,93442.231103
17.751565,153,93464.060051
16.86084,88,93473.484929
13.595607,202,93504.197252
17.435109,121,93520.61292
19.637189,400,93603.55274
13.896239,400,93673.411544
27.471452,396,93764.233221
16.708514,297,93817.471409
11.769538,400,93897.634569
15.733351,400,93986.439407
17.098149,99,94002.236007
14.748007,400,94081.642443
35.869197,614,94245.902666
15.091924,161,94267.057161
16.770984,219,94299.294946
19.381572,355,94366.814814
18.973048,104,94380.013551
23.887019,48,94386.492514
15.59011,113,94402.034271
20.358458,400,94477.051751
29.349338,149,94496.292215
0.049213,24,94499.765224
0.050847,33,94504.648472
28.028385,475,94604.483674
18.125712,400,94671.409487
19.866638,344,94731.516723
22.648012,400,94803.945801
9.584839,20,94806.969498
20.58641,48,94813.235955
50.172028,517,94929.089885
21.897571,118,94947.402084
20.087075,55,94954.584236
19.039909,76,94964.309837
22.80598,254,95009.803359
16.312275,400,95086.071235
20.610568,53,95093.172029
25.75993,400,95172.835508
22.285162,88,95184.666638
25.192161,315,95239.406198
60.281284,198,95346.842957
29.693626,400,95418.35845
26.197504,303,95468.340571
24.554675,370,95535.259717
25.643459,155,95560.230736
24.296603,75,95570.979542
22.603565,400,95644.269738
41.196864,505,95968.810015
21.585645,400,96028.994742
24.916779,400,96087.657277
27.656974,255,96127.545887
21.853032,400,96180.377533
24.808039,182,96205.332319
47.895273,328,96364.803898
12.360263,400,96428.348183
25.10905,400,96479.54977
26.646464,232,96508.826675
20.929992,396,96560.31484
42.529356,408,96725.101796
20.462033,153,96745.433174
17.984732,209,96780.608025
19.631194,400,96834.826666
23.643536,171,96857.720059
23.284423,89,96868.955111
22.81483,305,96908.848155
22.163151,91,96920.656959
20.428134,293,96970.187588
21.100726,134,96990.843506
17.058137,59,96998.690357
7.882808,179,97048.701375
19.734067,221,97087.552679
19.666222,156,97108.208402
22.205744,120,97124.958351
20.519493,92,97138.251095
19.54682,288,97187.134757
19.729649,119,97203.440393
17.132061,400,97258.415913
20.430682,400,97324.055633
35.842625,339,97500.090437
25.882641,400,97554.174394
24.171759,400,97610.71796
8.091594,281,97648.957772
16.366684,400,97702.864807
4.44818,15,97706.365142
28.270125,121,97723.688179
54.191962,359,97921.055874
12.337263,234,97961.309106
12.470664,364,98028.533647
20.912491,400,98096.703658
26.437229,211,98128.14564
15.48156,288,98179.599973
10.867773,45,98185.985742
39.010074,222,98266.135516
12.267592,244,98306.948978
31.078975,331,98363.774094
28.512592,251,98398.475464
31.365909,70,98407.703973
6.477628,16,98410.056529
24.145891,400,98468.043772
25.680806,133,98490.122317
14.223813,400,98571.976388
74.82628,241,98646.184082
26.410898,96,98659.668145
7.607938,204,98684.972649
17.535601,202,98710.114485
30.585432,100,98722.496396
26.38528,374,98783.883448
21.454085,209,98812.184424
26.025945,400,98878.593253
36.176388,595,99049.482558
9.279871,387,99157.144973
15.16178,272,99229.551018
33.046017,65,99241.751671
31.203179,400,99352.79638
34.754787,310,99418.198864
34.856848,63,99430.357915
13.331903,106,99452.037304
16.208184,64,99466.461817
27.250023,107,99513.962205
24.925181,272,99575.914087
34.845934,400,99659.562104
20.896989,400,99777.553968
30.848392,302,99853.477274
17.560553,352,99951.496684
14.674366,45,99960.715566
81.174264,432,100105.388454
16.898669,108,100129.695166
32.040008,193,100178.361074
7.603695,42,100187.865637
9.905628,22,100192.922065
21.79097,176,100231.103102
11.684944,92,100252.345066
11.386307,58,100264.233076
17.066361,400,100359.995739
18.19558,218,100397.780616
7.688259,60,100407.685771
8.250786,60,100417.088336
9.301425,60,100426.486865
34.531786,320,100567.273801
21.030947,327,100612.85093
15.748898,149,100635.482654
33.556625,336,100689.118222
18.060082,79,100699.366674
29.262425,272,100750.147758
26.238334,124,100766.600034
17.4178,29,100770.806967
20.935394,32,100775.443118
25.185856,184,100808.021704
28.181295,258,100851.838571
31.515012,170,100967.212546
9.298587,90,100981.904877
25.235744,400,101048.56341
15.671134,278,101101.980571
19.162599,138,101125.254973
16.33441,243,101164.836405
15.532712,400,101245.592986
13.85181,133,101268.394199
19.040735,30,101272.562385
15.677058,623,101593.304662
9.225513,228,101633.600107
16.423191,106,101648.492336
16.825154,114,101664.978958
23.069582,363,101720.527665
24.665561,306,101775.890586
18.360468,248,101821.828243
37.974141,385,102037.193361
20.286344,76,102049.435465
19.581968,400,102121.885513
23.893704,120,102138.337509
19.961184,400,102211.100104
14.025934,400,102277.315971
24.349826,400,102356.656296
26.743601,71,102514.874641
17.365435,400,102575.672299
20.321822,119,102594.354506
17.734033,400,102666.528434
23.73493,96,102680.728816
22.12037,400,102758.320325
34.267444,99,102773.888119
37.509309,131,102794.756552
53.967296,660,103040.362669
20.841347,110,103056.589175
22.293319,400,103130.640761
27.390989,112,103146.011551
15.585151,105,103161.789239
22.146553,61,103170.052111
21.196279,202,103199.238738
20.859029,304,103247.328753
59.128387,784,103441.06399
20.039647,85,103451.852792
25.071234,74,103461.528206
18.732424,156,103482.263491
19.808667,345,103542.481484
18.832251,400,103613.2167
17.833928,400,103682.65946
29.428218,292,103842.039216
31.468257,400,103911.272768
9.750635,243,103952.454164
26.249063,400,104028.282551
17.023663,309,104078.152919
7.857636,328,104139.613697
24.582687,122,104160.042256
50.37048,446,104286.678882
26.095873,65,104294.554935
27.886881,327,104333.652605
21.726139,122,104348.795837
29.524711,132,104365.781698
17.789661,400,104430.580435
19.220158,89,104441.926493
28.253917,400,104504.567184
60.079921,465,104622.77036
21.615848,186,104649.673615
15.543768,400,104715.086762
8.380204,400,104814.886943
32.540401,400,104884.367427
42.97405,149,104906.858898
59.761131,205,104948.39848
50.989328,400,105013.117329
24.482564,189,105048.12432
27.26802,400,105113.449315
28.610873,393,105194.919248
25.288037,400,105257.751045
65.545124,134,105310.383818
29.811387,173,105336.243607
33.851845,56,105344.641952
26.902174,223,105380.407825
25.297564,74,105393.000177
24.32508,70,105404.37071
37.786915,400,105478.616519
20.721132,235,105518.269881
17.633159,400,105590.800147
24.27059,140,105609.742539
62.789705,521,105864.57718
20.439608,400,105945.008085
28.623805,400,106013.369204
13.724632,400,106090.365319
24.90852,85,106103.707229
21.906742,112,106118.645152
27.914711,82,106130.103095
31.730284,77,106142.210561
57.016694,176,106303.432793
27.2037,400,106399.982213
36.237292,133,106421.771402
38.635993,245,106455.935189
6.820054,400,106522.932406
7.504461,65,106531.471758
27.344103,66,106540.601964
13.846112,88,106552.285049
61.713328,160,106574.971962
34.4766,69,106584.266567
22.811331,63,106594.056584
10.810912,88,106606.191424
37.310021,278,106681.880214
34.508655,356,106745.058712
36.094847,110,106759.710016
95.678979,400,106823.279156
42.282635,340,106880.657944
35.696578,400,106941.484251
27.889873,133,106960.32768
17.020762,77,106971.210213
89.973909,449,107074.338697
35.915513,244,107106.330916
54.242254,400,107164.391
9.199693,20,107167.085329
18.48495,150,107188.740285
5.581767,186,107213.50346
24.906487,400,107264.862535
22.516266,76,107275.367539
67.202501,269,107346.152079
24.42362,111,107359.975196
15.805774,56,107366.628577
29.398053,70,107375.180793
35.500693,88,107385.263332
33.790371,78,107394.477578
29.65797,152,107411.777505
22.385691,129,107426.590514
21.737503,101,107439.427264
7.246818,202,107467.450265
17.24702,294,107507.202877
21.865668,120,107522.674416
35.286721,199,107547.210243
30.44638,75,107556.294013
45.429724,248,107812.014482
27.197142,38,107815.367094
17.428484,171,107837.037977
18.975854,28,107840.304494
22.082865,60,107846.926125
24.309998,179,107865.963166
27.904693,79,107874.440661
32.831361,386,107929.652888
10.934878,77,107938.93173
26.601891,37,107943.688051
17.090394,72,107952.283243
37.068852,134,107968.497895
42.182962,265,108007.601185
30.474552,396,108054.907649
29.330121,92,108185.633749
35.240691,50,108192.11427
13.357751,91,108203.800556
66.333328,122,108218.300066
38.237825,112,108232.729806
37.626668,400,108287.815479
27.828395,400,108348.491895
22.781654,62,108355.78551
31.232994,155,108375.715923
43.779634,104,108389.930457
16.347929,69,108400.037505
31.017312,415,108522.591181
0.696484,400,108577.672518
0.090252,84,108587.818892
14.851873,95,108598.772872
30.83496,73,108607.199249
22.646911,191,108630.612477
3.803817,44,108636.094429
0.040713,56,108643.824292
12.783172,80,108653.340131
6.048635,52,108659.087025
10.643619,119,108673.325354
21.190792,113,108688.856529
29.693495,81,108698.698724
24.235049,195,108722.283202
23.124296,72,108731.426228
23.386123,81,108741.129241
28.417355,61,108748.568085
74.307348,289,108869.667682
11.578467,132,108885.085741
37.400606,76,108893.847651
31.692898,80,108903.253101
18.233066,154,108923.736707
24.672947,192,108948.066569
36.802054,86,108958.255192
54.637894,109,108971.083626
24.326314,110,108985.471795
33.161119,330,109031.532462
28.875696,400,109092.543745
50.175668,583,109295.229834
42.653929,360,109338.735782
34.674863,188,109360.56484
23.77225,400,109419.17231
19.802397,223,109452.13181
9.152305,175,109473.80176
4.492147,171,109501.284621
30.866738,313,109728.290272
9.726666,345,109776.429098
33.082673,264,109809.699127
35.199141,72,109818.522886
26.13255,121,109833.492163
30.894616,316,109881.649177
24.841057,170,109905.434754
24.495078,230,109935.304387
28.91036,126,109951.197531
30.028018,70,109960.540397
58.166893,305,110048.557381
39.213811,220,110078.042145
55.289968,93,110088.841208
7.216732,74,110098.294909
67.035168,398,110154.110781
23.143725,32,110158.216934
26.048577,389,110217.54792
34.802485,97,110228.882257
31.272224,95,110241.027351
35.481806,252,110275.198265
72.859544,501,110384.621129
27.890334,53,110390.939607
27.891118,51,110396.56792
12.463461,400,110482.160861
13.735328,287,110524.01143
35.463105,400,110572.445908
41.998711,271,110605.484781
45.570196,237,110701.057329
9.77785,189,110724.672318
21.088198,310,110772.475415
9.122714,209,110801.134246
36.994297,360,110849.886292
25.011017,224,110882.567535
21.770564,400,110943.711041
70.783094,581,111142.348643
39.442943,204,111164.456033
41.821266,166,111183.399043
29.83969,176,111206.900922
23.424184,142,111225.847487
15.874644,348,111267.745631
42.453451,181,111290.973608
40.786202,243,111325.694895
26.379573,110,111339.56809
24.489719,50,111346.005444
21.465693,229,111444.483926
24.47837,83,111455.355329
31.796881,109,111470.025028
42.435159,132,111486.865643
25.361934,102,111502.011461
24.338088,47,111508.151406
25.106966,400,111565.245958
22.630073,251,111599.88471
27.596395,371,111649.380861
21.579501,136,111669.31438
44.579412,283,111793.709606
24.946508,260,111830.406456
5.337194,162,111851.198986
25.96684,109,111865.904285
27.887741,233,111899.123243
38.351884,159,111917.657405
34.700153,242,111950.552071
38.343114,141,111968.902715
37.43116,68,111977.596308
37.595981,268,112009.997494
84.371359,487,112104.987413
32.380079,172,112129.249149
35.542278,206,112153.505674
29.010486,73,112162.030802
37.40047,82,112172.37841
52.665458,83,112182.614406
32.349658,61,112190.274129
28.970093,135,112207.352045
29.62311,196,112231.588511
26.352319,229,112260.032711
31.123468,91,112272.097659
41.824461,151,112292.60895
57.589899,657,112573.366381
4.697415,205,112601.340148
35.732242,75,112610.280385
30.952329,138,112627.917143
29.080887,193,112651.174215
39.959943,74,112662.982354
27.921625,160,112687.028658
8.711273,130,112703.399869
13.81228,292,112741.000551
33.411354,243,112773.875953
68.098079,190,112851.348633
43.990492,183,112874.156111
24.053346,206,112900.555712
14.14798,328,112942.289219
20.785617,193,112969.859961
28.051928,61,112977.287693
37.015545,102,112990.672514
23.910763,271,113026.06162
37.266656,188,113051.644921
38.516491,191,113076.721122
30.937163,42,113081.8713
36.08413,119,113096.783252
29.381014,416,113234.604766
42.246756,132,113252.155266
33.706325,81,113263.896833
38.530489,116,113278.781611
40.819998,122,113294.309389
31.870589,92,113307.224092
41.033178,260,113342.83272
29.720849,97,113357.087732
31.769321,84,113369.00178
39.03308,106,113383.306151
20.374025,66,113391.632365
29.843383,73,113401.594056
26.659395,194,113427.034295
112.394469,577,113551.52854
36.568453,231,113580.438638
33.969175,88,113591.955614
40.949888,80,113601.765223
27.941098,54,113607.941222
24.867616,112,113623.47595
23.740498,80,113634.145962
44.799356,178,113658.634509
32.45731,276,113700.193952
64.075918,303,113740.408947
42.859149,156,113758.239473
101.247475,260,113913.038946
30.98864,133,113930.111658
47.223517,192,113956.129895
2.720593,139,113975.276502
32.465294,117,113991.969987
2.680112,252,114027.990613
2.862726,117,114044.271933
39.985398,125,114061.718629
38.190397,96,114075.448287
15.337442,74,114086.031162
48.910114,191,114115.207579
59.10405,172,114141.582399
35.374598,172,114168.434802
22.884402,108,114270.39135
38.8715,187,114292.166891
35.131966,376,114335.45565
45.110985,62,114342.365914
39.123838,382,114393.253698
38.829797,123,114409.424685
46.124753,307,114450.932019
36.256893,400,114502.900557
63.479572,204,114572.783498
30.099602,67,114581.284073
52.613857,295,114617.309375
45.927766,85,114627.758466
45.051173,221,114656.189184
31.76883,182,114679.987842
25.062161,209,114706.596607
37.638855,154,114728.582211
27.997138,165,114747.559557
48.307623,227,114777.415543
38.974081,217,114806.993961
58.692483,173,114891.613836
41.183222,138,114909.127717
46.61656,141,114926.704662
48.861978,196,114953.681171
43.592915,274,114990.919651
29.841764,103,115003.139935
32.892397,96,115015.118935
24.132938,164,115040.818435
41.202583,103,115053.238261
23.247645,132,115072.149019
28.048531,38,115076.997475
32.894755,234,115109.418077
36.513189,224,115134.597418
46.773528,103,115209.995197
47.303546,190,115233.226683
36.190528,111,115246.77628
38.020902,256,115281.430282
29.141455,134,115298.590461
35.26528,47,115304.310133
25.292661,284,115344.961941
41.116891,239,115374.525604
40.785061,384,115426.724224
36.24834,213,115456.385201
82.83706,217,115538.852284
34.923984,189,115563.731668
46.345856,385,115617.199059
39.492834,101,115630.38921
33.803157,240,115662.524074
37.267148,285,115702.97655
35.700814,239,115734.909036
23.678869,290,115768.878201
48.174581,232,115860.796694
20.123011,52,115866.594285
33.071413,121,115880.111179
17.46299,57,115887.300501
56.303335,281,115920.676764
3.479879,188,115943.267201
46.350175,355,115993.521765
6.568181,47,115998.91118
7.177297,235,116028.288165
39.393981,400,116082.212454
74.659783,467,116227.105336
50.574849,222,116254.960153
9.568158,400,116305.712524
3.372816,107,116319.908188
28.674815,95,116332.469465
7.398214,208,116367.660104
70.095581,400,116419.780721
37.444191,276,116580.727909
36.135807,177,116597.767335
43.473965,88,116607.965964
40.740845,400,116655.394045
27.16299,240,116685.701737
56.194688,393,116739.450675
77.376303,318,116778.716619
178.887065,535,116901.737661
28.99215,169,116924.228437
30.835953,207,116951.913228
94.893754,400,116999.019866
39.621074,330,117047.599724
42.057112,121,117063.232881
51.622051,164,117083.543745
64.092471,201,117109.252113
96.907271,345,117287.045661
62.429542,254,117311.221815
39.452443,162,117329.127392
29.17338,195,117349.494638
16.138705,76,117357.238588
31.034015,400,117402.686091
36.919155,43,117407.890138
113.835987,308,117447.920298
54.518502,397,117503.295421
48.906664,111,117638.76117
11.258451,23,117640.939799
37.664632,277,117671.835525
3.107687,12,117673.328147
18.850694,248,117705.425817
49.537392,294,117741.295023
41.394027,343,117787.717932
32.082473,400,117846.419727
34.318999,45,117852.140047
6.147353,212,117879.579792
78.416549,220,117950.341596
40.737915,234,117982.407988
30.918479,169,118004.731698
49.416994,400,118060.52403
62.141632,277,118094.717029
56.912141,290,118130.145339
4.613716,197,118154.846275
85.609174,509,118330.320428
30.177519,400,118373.15246
22.861735,274,118403.519899
16.721965,120,118417.807331
72.845351,400,118467.594345
38.913453,272,118505.905739
46.199573,304,118551.795066
38.194217,62,118633.645017
61.78008,185,118655.537222
47.807843,303,118695.204791
60.953678,285,118734.645674
19.7025,102,118746.3285
45.559388,70,118754.174773
53.771609,145,118771.887036
55.087192,304,118813.709729
3.905715,102,118826.54957
39.661402,269,118860.397003
61.957665,155,118879.502567
72.468894,280,118971.155732
26.049799,181,118993.943769
37.282451,194,119018.896551
62.28465,195,119041.581646
35.337119,240,119072.11199
61.977131,98,119083.142238
54.958334,260,119117.279172
38.845027,137,119134.421868
64.559405,313,119175.095443
44.363359,365,119278.365413
48.077498,134,119295.153884
51.506242,204,119322.563182
70.176918,104,119334.611799
45.526719,55,119340.725693
96.926356,326,119382.860442
101.847177,138,119398.563992
27.047219,272,119430.728204
24.986212,66,119438.287997
38.19078,46,119443.290083
43.071488,400,119496.418554
58.804524,208,119571.678785
20.682257,116,119586.791151
5.25549,77,119595.781261
69.559726,400,119649.954188
12.89285,61,119657.47085
9.087634,69,119666.729597
3.943586,298,119708.215091
9.529761,214,119734.174396
41.101228,197,119757.004175
51.253084,154,119775.913121
57.357991,597,119878.901462
42.42126,188,119905.142772
11.573276,169,119927.536379
39.957441,51,119933.317212
39.037065,212,119959.80391
12.421429,135,119976.556523
25.153158,135,119994.086436
51.764923,210,120019.172976
23.831662,372,120063.055759
43.280632,52,120068.321523
86.53607,247,120134.591711
32.223336,166,120156.221271
39.834925,176,120176.960052
33.728291,39,120181.790368
34.997758,41,120186.461242
33.299252,132,120203.253239
34.122346,204,120233.090103
45.573959,120,120247.247283
48.244944,400,120304.528291
42.234115,133,120320.229624
55.534564,271,120353.631866
32.806642,160,120371.901562
61.34246,126,120506.16736
43.06392,121,120517.307313
38.173413,119,120528.599654
25.936511,115,120541.62856
41.314032,367,120591.064573
40.642719,176,120613.952479
36.152122,273,120655.044941
33.693104,220,120680.34049
48.897326,347,120731.843657
48.983233,315,120822.460892
25.601515,112,120836.926446
22.279722,35,120841.503383
36.101429,261,120876.995499
28.488765,100,120890.076618
30.636623,99,120903.199273
33.51469,132,120919.414165
44.399864,127,120936.2964
35.916916,211,120966.166242
24.853748,255,120998.403946
34.876307,334,121041.508808
63.522431,364,121137.278674
26.54429,235,121169.815127
33.685781,136,121185.79152
54.514604,223,121216.286132
28.031576,126,121231.742816
104.979941,295,121267.177654
36.633734,175,121287.53783
40.264893,344,121331.831088
33.74932,241,121365.590717
47.733155,183,121436.358287
36.241773,400,121490.495667
26.912211,167,121510.612842
19.496631,400,121571.995265
41.994462,259,121603.699337
40.121252,252,121633.954729
35.775406,128,121650.310156
34.466191,122,121665.220862
76.754086,336,121766.035987
36.30412,307,121803.987755
35.298438,42,121808.433854
109.178014,327,121845.743282
36.710246,112,121861.16534
51.160811,258,121899.065083
28.679582,266,121937.467439
31.661328,222,121967.694263
33.394966,117,121983.031688
60.027232,477,122076.357209
28.090812,318,122117.399462
4.132034,354,122168.314481
34.892173,137,122185.461375
36.041403,169,122208.419829
36.228246,175,122230.611179
30.901227,400,122289.799146
38.493105,85,122299.851708
69.306437,118,122438.765042
29.611379,36,122442.193569
88.772478,315,122473.00085
77.857671,239,122500.164468
2.109263,46,122505.376552
32.817671,400,122553.44309
30.952263,65,122560.17275
9.129014,58,122565.730396
29.047374,41,122570.632798
22.721998,264,122608.142016
6.423977,52,122613.817428
7.377692,39,122618.51055
22.17044,46,122624.175934
24.946519,292,122671.685563
21.9027,37,122722.124915
6.363445,400,122780.471322
8.516496,251,122822.782016
10.533293,289,122870.425322
60.107261,91,122881.312741
6.225396,129,122895.817918
28.321145,110,122908.303729
10.178409,71,122917.89211
20.433757,128,122936.406454
17.958825,365,122994.269885
5.944855,132,123011.942593
9.422902,210,123093.630948
7.608909,377,123145.87466
36.938678,351,123196.071472
4.268802,134,123214.634009
6.558306,400,123272.662841
29.340584,110,123286.178826
10.597295,39,123290.500865
24.990431,82,123299.198265
3.774905,165,123323.029429
17.204991,46,123329.331797
11.427487,61,123335.820242
27.726089,100,123369.369715
14.433307,155,123391.321003
5.320564,139,123409.150173
4.731591,200,123435.722893
4.730788,90,123447.933209
3.550276,349,123504.684163
3.563976,140,123524.940429
5.506521,37,123528.821925
8.31057,41,123533.303296
4.942943,46,123538.204276
13.59917,327,123589.891895
10.214213,48,123594.828345
7.703092,46,123600.028568
10.776187,50,123606.034298
6.450779,51,123611.720769
6.204976,60,123617.818527
9.659688,189,123656.939523
2.700818,36,123660.886343
2.25898,77,123669.17697
1.808278,46,123674.052025
4.708381,43,123678.585764
4.550813,44,123683.358515
5.222146,49,123689.166488
11.351851,53,123695.141961
5.496362,43,123699.954526
6.925632,57,123706.139922
2.431057,56,123712.029927
6.7876,61,123718.453636
10.031328,61,123724.883205
3.715395,60,123731.404052
4.151875,62,123738.023047
9.185273,56,123744.065667
5.151501,288,123804.000615
7.74583,48,123809.266152
5.029509,65,123816.138447
5.304162,64,123823.809221
9.310835,55,123829.71608
10.837387,63,123836.216508
5.089523,54,123841.730525
7.973881,61,123848.299505
7.271412,121,123860.565897
9.948084,62,123867.332852
9.984493,20,123870.093639
13.068722,52,123876.006928
8.758839,103,123886.972068
13.693388,66,123894.09255
40.175799,66,123933.292093
15.101296,50,123937.327115
14.968349,60,123943.616434
9.981881,59,123950.328347
7.222996,75,123958.700444
13.411855,66,123965.70462
6.812431,78,123973.936321
9.394288,77,123982.220457
21.434581,68,123991.040753
26.794609,66,123998.536299
0.071988,59,124004.755828
11.817269,75,124013.018644
16.423173,164,124029.879102
9.984605,74,124037.613994
11.189019,84,124046.998351
18.884871,98,124057.367759
8.559951,138,124072.068946
13.827539,174,124092.889321
38.180178,172,124110.954401
38.980542,459,124199.416589
14.11671,65,124208.386606
10.767849,39,124213.464721
15.224046,66,124223.266043
9.828071,111,124236.989209
14.991431,114,124250.944874
22.376802,171,124280.902735
17.158778,118,124294.711438
18.080339,146,124314.866942
24.847839,105,124327.088697
7.692507,169,124347.538038
10.534883,204,124376.793187
23.70344,92,124389.127165
25.94807,34,124393.893657
22.635523,85,124405.973049
11.917286,66,124414.69604
22.673571,76,124425.145819
14.422865,56,124432.380048
13.642018,59,124439.657486
36.705807,165,124489.827119
4.784289,400,124533.904237
38.565957,188,124555.245826
27.67707,83,124564.350125
7.752761,400,124610.572537
6.87128,400,124671.764687
17.595636,82,124680.498008
42.416201,302,124726.11964
6.090267,56,124732.730958
22.780339,39,124810.813169
6.349925,320,124855.403584
11.684664,78,124863.495896
19.471718,85,124872.371577
23.097855,66,124879.512078
15.869961,400,124938.983371
26.051,141,124957.500062
21.561472,113,124969.269135
4.679644,263,125007.382946
62.624265,142,125022.763734
10.115941,74,125030.669405
0.112683,77,125039.5736
15.508121,27,125043.088459
34.337394,266,125108.847974
14.77037,97,125117.707285
18.672736,141,125134.424309
32.630341,234,125161.646052
6.905714,400,125223.702308
9.193112,166,125246.667336
5.837078,61,125254.404501
2.238461,62,125264.274869
8.11477,325,125316.967926
6.058107,16,125319.176778
21.883416,153,125340.780685
45.250079,677,125502.158651
43.305043,50,125508.117216
23.73401,50,125514.051774
42.991514,114,125528.880514
3.406243,400,125597.806147
22.155481,125,125613.678273
20.927684,298,125664.995022
4.837963,235,125705.782536
0.085877,20,125708.04996
0.074345,40,125712.637353
0.080479,77,125721.726311
20.797731,86,125731.738352
19.834503,88,125743.213288
21.338995,51,125787.594299
14.972029,359,125842.991047
0.095248,196,125872.846597
5.180883,160,125891.06224
0.085528,36,125894.685579
0.083739,32,125897.984773
0.206113,153,125922.56964
10.216047,101,125935.357874
4.403781,400,126004.745824
15.353513,102,126016.734269
10.232918,73,126026.917622
2.436278,49,126033.455648
13.304239,116,126049.576769
1.010361,37,126053.99355
39.251432,94,126066.125763
37.177151,46,126071.539015
33.400643,314,126164.515774
0.499539,159,126196.315649
0.264093,23,126200.46059
0.087745,47,126206.238479
0.085027,18,126208.707746
0.088138,18,126211.228993
0.086825,19,126214.860155
0.087362,19,126217.28909
0.089182,19,126219.696674
0.08737,19,126222.479788
0.086671,19,126225.104053
0.086919,19,126227.684385
0.085857,18,126231.267885
0.089803,18,126233.541371
0.086742,18,126236.534883
0.086501,18,126238.945497
0.087847,18,126241.446664
0.086379,19,126244.729989
0.086654,18,126250.288085
0.087008,19,126257.053055
0.087227,18,126262.302104
0.08677,18,126266.238286
0.08666,19,126272.415619
0.085511,19,126278.544729
0.085383,19,126282.193595
0.088818,20,126287.315397
0.085174,20,126294.408335
0.08694,20,126299.190933
0.08822,20,126303.131824
0.08798,21,126307.609923
0.088845,20,126312.809696
0.085135,19,126316.514202
0.087206,20,126320.165929
0.085458,19,126326.195691
0.084524,19,126329.922323
0.0858,19,126335.189016
0.087969,20,126339.914495
0.089018,20,126345.416722
0.08674,19,126348.622291
0.08588,20,126352.142117
0.089405,20,126357.086198
0.085894,20,126361.192336
0.087907,20,126365.535959
0.088443,20,126370.379323
0.089067,20,126374.194201
0.086419,19,126377.560048
0.086578,19,126381.216612
0.0866,19,126386.182395
0.086967,20,126393.124521
0.082048,20,126396.497343
0.082708,19,126400.110601
0.08353,19,126404.481371
0.088065,18,126409.223366
0.085267,20,126417.707541
0.091813,26,126428.238575
0.086719,31,126440.184434
0.092502,24,126451.616866
0.089162,23,126460.240444
0.087593,23,126467.614717
0.091504,25,126475.636889
0.090164,23,126485.205178
0.087971,23,126491.943134
0.08919,24,126498.233949
0.088289,25,126504.641571
0.086991,50,126517.360693
0.083122,38,126526.482051
0.082342,22,126531.281321
0.085329,24,126536.584689
0.082372,23,126541.565738
0.089198,23,126546.442361
0.089848,25,126552.464777
0.113852,53,126564.770607
